Seed,Pass/Fail,log2traces inner hash,log2traces outer hash,log2 hypotheses inner hash,log2 hypotheses outer hash,total time,inner time - 15,outer time - 15,inner time - 16,outer time - 16,inner time - 17,outer time - 17,inner time - 18,outer time - 18,inner time - 19,outer time - 19,inner time - 20,outer time - 20,inner time - 21,outer time - 21,inner time - 22,outer time - 22,inner time - 23,outer time - 23,inner time - 24,outer time - 24,inner time - 25,outer time - 25,inner time - 26,outer time - 26,inner time - 27,outer time - 27,inner time - 28,outer time - 28,inner time - 29,outer time - 29,inner time - 30,outer time - 30
0,Success,15,18,1,1,4.237,0.346,0.114,,0.273,,0.524,,2.98,,,,,,,,,,,,,,,,,,,,,,,,
1,Success,16,15,2,1,1.286,0.006,0.46,0.82,,,,,,,,,,,,,,,,,,,,,,,,,,,,,
2,Success,16,15,0,1,0.841,0.01,0.474,0.358,,,,,,,,,,,,,,,,,,,,,,,,,,,,,
3,Success,15,18,3,1,4.55,0.593,0.124,,0.286,,0.551,,2.996,,,,,,,,,,,,,,,,,,,,,,,,
4,Success,15,16,0,1,1.163,0.199,0.091,,0.874,,,,,,,,,,,,,,,,,,,,,,,,,,,,
5,Success,15,16,1,1,1.075,0.347,0.099,,0.628,,,,,,,,,,,,,,,,,,,,,,,,,,,,
6,Success,15,15,1,1,0.683,0.218,0.465,,,,,,,,,,,,,,,,,,,,,,,,,,,,,,
7,Success,15,16,2,1,1.157,0.417,0.103,,0.637,,,,,,,,,,,,,,,,,,,,,,,,,,,,
8,Success,15,15,1,1,0.705,0.236,0.469,,,,,,,,,,,,,,,,,,,,,,,,,,,,,,
9,Success,15,16,1,1,1.343,0.348,0.119,,0.876,,,,,,,,,,,,,,,,,,,,,,,,,,,,
10,Success,17,15,1,1,1.247,0.03,0.466,0.037,,0.714,,,,,,,,,,,,,,,,,,,,,,,,,,,
11,Success,19,16,0,2,3.888,0.023,0.095,0.046,0.971,0.085,,0.174,,2.493,,,,,,,,,,,,,,,,,,,,,,,
12,Success,16,16,1,1,1.633,0.029,0.127,0.617,0.861,,,,,,,,,,,,,,,,,,,,,,,,,,,,
13,Success,17,17,1,4,5.551,0.022,0.117,0.04,0.304,1.111,3.957,,,,,,,,,,,,,,,,,,,,,,,,,,
14,Success,15,19,1,1,6.711,0.217,0.089,,0.293,,0.559,,1.125,,4.428,,,,,,,,,,,,,,,,,,,,,,
15,Success,16,15,0,1,0.702,0.028,0.318,0.355,,,,,,,,,,,,,,,,,,,,,,,,,,,,,
16,Success,15,15,1,0,0.643,0.346,0.298,,,,,,,,,,,,,,,,,,,,,,,,,,,,,,
17,Success,17,15,0,1,1.169,0.022,0.465,0.04,,0.643,,,,,,,,,,,,,,,,,,,,,,,,,,,
18,Success,15,16,1,1,1.309,0.348,0.089,,0.871,,,,,,,,,,,,,,,,,,,,,,,,,,,,
19,Success,16,22,0,0,73.808,0.046,0.094,0.356,0.232,,0.456,,0.937,,2.049,,8.874,,14.075,,46.687,,,,,,,,,,,,,,,,
20,Success,15,16,1,0,1.042,0.346,0.112,,0.584,,,,,,,,,,,,,,,,,,,,,,,,,,,,
21,Success,15,15,4,1,1.832,1.514,0.319,,,,,,,,,,,,,,,,,,,,,,,,,,,,,,
22,Success,16,15,1,2,1.472,0.044,0.806,0.622,,,,,,,,,,,,,,,,,,,,,,,,,,,,,
23,Success,15,15,1,0,0.515,0.218,0.297,,,,,,,,,,,,,,,,,,,,,,,,,,,,,,
24,Success,15,17,1,0,1.779,0.346,0.106,,0.253,,1.074,,,,,,,,,,,,,,,,,,,,,,,,,,
25,Success,17,16,0,0,1.445,0.015,0.133,0.076,0.58,0.641,,,,,,,,,,,,,,,,,,,,,,,,,,,
26,Success,16,17,1,3,2.517,0.02,0.117,0.392,0.272,,1.715,,,,,,,,,,,,,,,,,,,,,,,,,,
27,Success,17,18,2,1,4.052,0.024,0.092,0.078,0.234,0.9,0.471,,2.252,,,,,,,,,,,,,,,,,,,,,,,,
28,Success,16,18,0,0,3.271,0.009,0.095,0.358,0.238,,0.471,,2.1,,,,,,,,,,,,,,,,,,,,,,,,
29,Success,15,16,0,1,0.916,0.198,0.091,,0.627,,,,,,,,,,,,,,,,,,,,,,,,,,,,
30,Success,15,16,2,0,1.103,0.4,0.118,,0.585,,,,,,,,,,,,,,,,,,,,,,,,,,,,
31,Success,15,15,3,1,0.941,0.474,0.467,,,,,,,,,,,,,,,,,,,,,,,,,,,,,,
32,Success,17,15,1,0,1.126,0.042,0.296,0.076,,0.712,,,,,,,,,,,,,,,,,,,,,,,,,,,
33,Success,15,16,0,1,1.202,0.201,0.121,,0.88,,,,,,,,,,,,,,,,,,,,,,,,,,,,
34,Success,17,18,1,1,3.81,0.027,0.089,0.041,0.232,0.746,0.457,,2.217,,,,,,,,,,,,,,,,,,,,,,,,
35,Success,18,15,2,1,3.065,0.014,0.463,0.029,,0.054,,2.505,,,,,,,,,,,,,,,,,,,,,,,,,
36,Success,16,16,2,1,1.428,0.029,0.09,0.69,0.619,,,,,,,,,,,,,,,,,,,,,,,,,,,,
37,Success,15,16,1,1,1.202,0.234,0.099,,0.869,,,,,,,,,,,,,,,,,,,,,,,,,,,,
38,Success,16,17,0,2,2.432,0.027,0.1,0.356,0.245,,1.705,,,,,,,,,,,,,,,,,,,,,,,,,,
39,Success,16,15,1,1,0.981,0.046,0.318,0.617,,,,,,,,,,,,,,,,,,,,,,,,,,,,,
40,Success,16,15,0,0,0.703,0.043,0.302,0.358,,,,,,,,,,,,,,,,,,,,,,,,,,,,,
41,Success,15,17,1,0,1.774,0.347,0.104,,0.251,,1.072,,,,,,,,,,,,,,,,,,,,,,,,,,
42,Success,20,17,1,0,7.851,0.018,0.094,0.061,0.235,0.118,1.059,0.215,,0.466,,5.584,,,,,,,,,,,,,,,,,,,,,
43,Success,18,15,1,0,2.638,0.017,0.296,0.07,,0.14,,2.116,,,,,,,,,,,,,,,,,,,,,,,,,
44,Success,15,15,1,0,0.646,0.346,0.3,,,,,,,,,,,,,,,,,,,,,,,,,,,,,,
45,Success,18,16,0,1,2.202,0.018,0.108,0.076,0.616,0.146,,1.238,,,,,,,,,,,,,,,,,,,,,,,,,
46,Success,17,16,1,0,1.835,0.01,0.102,0.022,0.58,1.12,,,,,,,,,,,,,,,,,,,,,,,,,,,
47,Success,16,16,7,1,11.653,0.019,0.114,10.854,0.666,,,,,,,,,,,,,,,,,,,,,,,,,,,,
48,Success,16,15,3,1,2.764,0.054,0.476,2.233,,,,,,,,,,,,,,,,,,,,,,,,,,,,,
49,Success,15,16,1,1,1.355,0.348,0.129,,0.878,,,,,,,,,,,,,,,,,,,,,,,,,,,,
50,Success,16,16,1,1,1.199,0.029,0.134,0.4,0.637,,,,,,,,,,,,,,,,,,,,,,,,,,,,
51,Success,16,17,1,0,1.832,0.015,0.101,0.395,0.242,,1.079,,,,,,,,,,,,,,,,,,,,,,,,,,
52,Success,15,15,0,0,0.497,0.199,0.298,,,,,,,,,,,,,,,,,,,,,,,,,,,,,,
53,Success,15,15,2,1,0.608,0.291,0.317,,,,,,,,,,,,,,,,,,,,,,,,,,,,,,
54,Success,15,20,0,0,13.66,0.2,0.103,,0.251,,0.486,,0.982,,1.997,,9.64,,,,,,,,,,,,,,,,,,,,
55,Success,16,17,1,1,2.22,0.052,0.103,0.622,0.267,,1.178,,,,,,,,,,,,,,,,,,,,,,,,,,
56,Success,15,16,0,1,1.185,0.2,0.125,,0.86,,,,,,,,,,,,,,,,,,,,,,,,,,,,
57,Success,16,16,1,1,1.631,0.028,0.118,0.62,0.865,,,,,,,,,,,,,,,,,,,,,,,,,,,,
58,Success,16,16,0,1,1.124,0.035,0.092,0.357,0.64,,,,,,,,,,,,,,,,,,,,,,,,,,,,
59,Success,15,15,4,0,1.959,1.659,0.299,,,,,,,,,,,,,,,,,,,,,,,,,,,,,,
60,Success,16,18,1,1,4.351,0.007,0.095,0.393,0.287,,0.568,,3.001,,,,,,,,,,,,,,,,,,,,,,,,
61,Success,16,16,0,3,2.063,0.015,0.106,0.356,1.586,,,,,,,,,,,,,,,,,,,,,,,,,,,,
62,Success,16,15,0,3,1.379,0.048,0.976,0.355,,,,,,,,,,,,,,,,,,,,,,,,,,,,,
63,Success,15,17,0,1,1.74,0.199,0.105,,0.29,,1.146,,,,,,,,,,,,,,,,,,,,,,,,,,
64,Success,15,16,0,0,0.916,0.2,0.128,,0.588,,,,,,,,,,,,,,,,,,,,,,,,,,,,
65,Success,16,22,0,1,97.351,0.037,0.125,0.355,0.288,,0.565,,1.131,,2.26,,9.4,,14.796,,68.396,,,,,,,,,,,,,,,,
66,Success,17,17,0,1,2.708,0.025,0.13,0.049,0.296,0.642,1.566,,,,,,,,,,,,,,,,,,,,,,,,,,
67,Success,15,15,1,0,0.643,0.345,0.298,,,,,,,,,,,,,,,,,,,,,,,,,,,,,,
68,Success,17,15,0,2,1.253,0.015,0.504,0.089,,0.645,,,,,,,,,,,,,,,,,,,,,,,,,,,
69,Success,16,15,1,3,1.418,0.043,0.981,0.394,,,,,,,,,,,,,,,,,,,,,,,,,,,,,
70,Success,15,16,1,3,1.368,0.346,0.107,,0.915,,,,,,,,,,,,,,,,,,,,,,,,,,,,
71,Success,17,15,2,1,1.824,0.022,0.463,0.072,,1.267,,,,,,,,,,,,,,,,,,,,,,,,,,,
72,Success,16,15,2,0,0.845,0.044,0.297,0.504,,,,,,,,,,,,,,,,,,,,,,,,,,,,,
73,Success,17,15,1,1,1.752,0.045,0.465,0.088,,1.154,,,,,,,,,,,,,,,,,,,,,,,,,,,
74,Success,16,16,2,1,2.15,0.032,0.099,1.152,0.867,,,,,,,,,,,,,,,,,,,,,,,,,,,,
75,Success,15,16,1,0,0.944,0.218,0.132,,0.593,,,,,,,,,,,,,,,,,,,,,,,,,,,,
76,Success,16,19,2,1,8.785,0.04,0.096,0.731,0.291,,0.563,,1.12,,5.943,,,,,,,,,,,,,,,,,,,,,,
77,Success,16,15,1,1,1.121,0.04,0.464,0.617,,,,,,,,,,,,,,,,,,,,,,,,,,,,,
78,Success,16,17,1,1,2.137,0.008,0.105,0.618,0.269,,1.136,,,,,,,,,,,,,,,,,,,,,,,,,,
79,Success,15,17,2,1,1.963,0.435,0.108,,0.279,,1.141,,,,,,,,,,,,,,,,,,,,,,,,,,
80,Success,16,16,1,2,1.277,0.042,0.127,0.396,0.713,,,,,,,,,,,,,,,,,,,,,,,,,,,,
81,Success,15,15,0,1,0.666,0.199,0.467,,,,,,,,,,,,,,,,,,,,,,,,,,,,,,
82,Success,18,16,2,1,3.683,0.039,0.108,0.029,0.858,0.138,,2.511,,,,,,,,,,,,,,,,,,,,,,,,,
83,Success,15,16,1,0,0.928,0.216,0.127,,0.585,,,,,,,,,,,,,,,,,,,,,,,,,,,,
84,Success,16,15,0,0,0.693,0.035,0.301,0.357,,,,,,,,,,,,,,,,,,,,,,,,,,,,,
85,Success,19,17,0,0,4.523,0.04,0.125,0.077,0.29,0.141,1.08,0.267,,2.502,,,,,,,,,,,,,,,,,,,,,,,
86,Success,16,16,0,1,1.417,0.045,0.133,0.361,0.878,,,,,,,,,,,,,,,,,,,,,,,,,,,,
87,Success,16,17,0,1,1.822,0.013,0.089,0.355,0.232,,1.133,,,,,,,,,,,,,,,,,,,,,,,,,,
88,Success,17,25,0,0,920.172,0.01,0.09,0.022,0.232,0.642,0.46,,0.954,,1.925,,8.273,,18.241,,34.559,,87.836,,169.974,,596.955,,,,,,,,,,
89,Success,15,17,1,1,2.119,0.217,0.101,,0.248,,1.553,,,,,,,,,,,,,,,,,,,,,,,,,,
90,Success,17,18,0,2,4.16,0.042,0.102,0.076,0.254,0.643,0.507,,2.537,,,,,,,,,,,,,,,,,,,,,,,,
91,Success,15,16,1,0,1.046,0.348,0.113,,0.584,,,,,,,,,,,,,,,,,,,,,,,,,,,,
92,Success,16,15,1,1,1.104,0.012,0.469,0.623,,,,,,,,,,,,,,,,,,,,,,,,,,,,,
93,Success,15,20,1,0,13.82,0.348,0.098,,0.262,,0.521,,1.039,,2.09,,9.461,,,,,,,,,,,,,,,,,,,,
94,Success,16,17,1,2,2.339,0.01,0.119,0.622,0.274,,1.314,,,,,,,,,,,,,,,,,,,,,,,,,,
95,Success,16,16,2,1,2.162,0.044,0.104,1.147,0.865,,,,,,,,,,,,,,,,,,,,,,,,,,,,
96,Success,18,15,1,1,2.568,0.019,0.32,0.035,,0.059,,2.135,,,,,,,,,,,,,,,,,,,,,,,,,
97,Success,19,17,1,1,6.366,0.048,0.095,0.094,0.231,0.174,1.127,0.333,,4.265,,,,,,,,,,,,,,,,,,,,,,,
98,Success,16,15,3,0,1.384,0.009,0.299,1.076,,,,,,,,,,,,,,,,,,,,,,,,,,,,,
99,Success,17,17,0,1,2.645,0.01,0.109,0.022,0.256,0.655,1.591,,,,,,,,,,,,,,,,,,,,,,,,,,
100,Success,18,16,0,0,2.052,0.015,0.121,0.031,0.585,0.058,,1.242,,,,,,,,,,,,,,,,,,,,,,,,,
101,Success,15,15,3,0,0.663,0.366,0.298,,,,,,,,,,,,,,,,,,,,,,,,,,,,,,
102,Success,15,19,0,4,13.029,0.199,0.116,,0.269,,0.52,,1.076,,10.848,,,,,,,,,,,,,,,,,,,,,,
103,Success,16,16,1,0,1.316,0.014,0.101,0.62,0.581,,,,,,,,,,,,,,,,,,,,,,,,,,,,
104,Success,18,16,1,0,2.912,0.012,0.121,0.022,0.578,0.041,,2.139,,,,,,,,,,,,,,,,,,,,,,,,,
105,Success,15,15,0,0,0.495,0.199,0.297,,,,,,,,,,,,,,,,,,,,,,,,,,,,,,
106,Success,16,17,1,1,1.971,0.022,0.094,0.423,0.298,,1.134,,,,,,,,,,,,,,,,,,,,,,,,,,
107,Success,15,17,1,1,2.268,0.345,0.098,,0.27,,1.555,,,,,,,,,,,,,,,,,,,,,,,,,,
108,Success,16,17,2,2,2.981,0.033,0.121,0.764,0.297,,1.766,,,,,,,,,,,,,,,,,,,,,,,,,,
109,Success,17,15,1,0,1.091,0.027,0.297,0.049,,0.718,,,,,,,,,,,,,,,,,,,,,,,,,,,
110,Success,17,15,0,1,1.141,0.012,0.465,0.022,,0.643,,,,,,,,,,,,,,,,,,,,,,,,,,,
111,Success,17,15,0,0,1.025,0.029,0.297,0.052,,0.647,,,,,,,,,,,,,,,,,,,,,,,,,,,
112,Success,15,18,1,1,4.16,0.344,0.103,,0.254,,0.488,,2.972,,,,,,,,,,,,,,,,,,,,,,,,
113,Success,17,15,0,1,1.094,0.048,0.314,0.093,,0.639,,,,,,,,,,,,,,,,,,,,,,,,,,,
114,Success,16,16,1,0,1.113,0.027,0.109,0.395,0.582,,,,,,,,,,,,,,,,,,,,,,,,,,,,
115,Success,16,16,1,1,1.356,0.022,0.09,0.622,0.622,,,,,,,,,,,,,,,,,,,,,,,,,,,,
116,Success,15,17,1,4,6.758,0.347,0.097,,0.284,,6.029,,,,,,,,,,,,,,,,,,,,,,,,,,
117,Success,16,16,0,2,1.615,0.037,0.123,0.356,1.099,,,,,,,,,,,,,,,,,,,,,,,,,,,,
118,Success,15,19,2,1,8.428,0.4,0.119,,0.278,,0.553,,1.107,,5.972,,,,,,,,,,,,,,,,,,,,,,
119,Success,15,15,0,0,0.497,0.199,0.298,,,,,,,,,,,,,,,,,,,,,,,,,,,,,,
120,Success,17,20,1,2,19.622,0.029,0.089,0.052,0.25,1.122,0.517,,1.001,,2.169,,14.393,,,,,,,,,,,,,,,,,,,,
121,Success,16,15,1,0,0.718,0.024,0.301,0.394,,,,,,,,,,,,,,,,,,,,,,,,,,,,,
122,Success,15,15,2,2,1.058,0.263,0.795,,,,,,,,,,,,,,,,,,,,,,,,,,,,,,
123,Success,15,16,1,1,0.955,0.219,0.111,,0.625,,,,,,,,,,,,,,,,,,,,,,,,,,,,
124,Success,17,18,0,1,3.747,0.029,0.096,0.055,0.236,0.647,0.473,,2.211,,,,,,,,,,,,,,,,,,,,,,,,
125,Success,17,16,0,0,1.403,0.033,0.093,0.061,0.577,0.64,,,,,,,,,,,,,,,,,,,,,,,,,,,
126,Success,16,15,1,1,0.754,0.033,0.327,0.393,,,,,,,,,,,,,,,,,,,,,,,,,,,,,
127,Success,17,15,2,0,1.462,0.027,0.318,0.05,,1.067,,,,,,,,,,,,,,,,,,,,,,,,,,,
128,Success,15,16,1,2,1.268,0.217,0.112,,0.939,,,,,,,,,,,,,,,,,,,,,,,,,,,,
129,Success,16,15,1,3,0.903,0.021,0.469,0.413,,,,,,,,,,,,,,,,,,,,,,,,,,,,,
130,Success,17,16,1,0,1.91,0.04,0.106,0.073,0.58,1.112,,,,,,,,,,,,,,,,,,,,,,,,,,,
131,Success,17,20,1,1,15.224,0.03,0.111,0.088,0.264,0.718,0.537,,1.042,,2.178,,10.256,,,,,,,,,,,,,,,,,,,,
132,Success,16,15,1,1,0.869,0.008,0.465,0.395,,,,,,,,,,,,,,,,,,,,,,,,,,,,,
133,Success,16,15,0,0,0.685,0.027,0.301,0.357,,,,,,,,,,,,,,,,,,,,,,,,,,,,,
134,Success,18,15,1,1,2.804,0.024,0.466,0.04,,0.153,,2.122,,,,,,,,,,,,,,,,,,,,,,,,,
135,Success,18,16,1,1,3.265,0.024,0.121,0.049,0.861,0.085,,2.125,,,,,,,,,,,,,,,,,,,,,,,,,
136,Success,15,17,1,2,2.339,0.236,0.116,,0.282,,1.705,,,,,,,,,,,,,,,,,,,,,,,,,,
137,Success,16,15,0,1,0.841,0.018,0.466,0.358,,,,,,,,,,,,,,,,,,,,,,,,,,,,,
138,Success,17,18,0,0,3.576,0.015,0.093,0.031,0.239,0.649,0.462,,2.087,,,,,,,,,,,,,,,,,,,,,,,,
139,Success,16,17,1,2,3.581,0.042,0.11,0.635,0.261,,2.533,,,,,,,,,,,,,,,,,,,,,,,,,,
140,Success,15,16,1,0,1.045,0.344,0.118,,0.584,,,,,,,,,,,,,,,,,,,,,,,,,,,,
141,Success,15,15,1,1,0.811,0.346,0.466,,,,,,,,,,,,,,,,,,,,,,,,,,,,,,
142,Success,15,16,1,1,1.083,0.349,0.105,,0.629,,,,,,,,,,,,,,,,,,,,,,,,,,,,
143,Success,15,16,2,0,1.131,0.406,0.124,,0.601,,,,,,,,,,,,,,,,,,,,,,,,,,,,
144,Success,15,16,3,3,2.548,0.711,0.089,,1.748,,,,,,,,,,,,,,,,,,,,,,,,,,,,
145,Success,16,15,1,0,0.926,0.01,0.297,0.619,,,,,,,,,,,,,,,,,,,,,,,,,,,,,
146,Success,16,15,0,3,1.251,0.009,0.885,0.358,,,,,,,,,,,,,,,,,,,,,,,,,,,,,
147,Success,15,15,0,3,1.668,0.2,1.468,,,,,,,,,,,,,,,,,,,,,,,,,,,,,,
148,Success,15,15,0,1,0.517,0.2,0.317,,,,,,,,,,,,,,,,,,,,,,,,,,,,,,
149,Success,15,15,1,0,0.518,0.219,0.299,,,,,,,,,,,,,,,,,,,,,,,,,,,,,,
150,Success,17,15,1,1,1.1,0.014,0.315,0.026,,0.746,,,,,,,,,,,,,,,,,,,,,,,,,,,
151,Success,16,16,1,0,1.351,0.052,0.103,0.617,0.579,,,,,,,,,,,,,,,,,,,,,,,,,,,,
152,Success,18,16,0,0,2.134,0.027,0.13,0.052,0.581,0.108,,1.237,,,,,,,,,,,,,,,,,,,,,,,,,
153,Success,16,15,0,1,0.851,0.03,0.466,0.355,,,,,,,,,,,,,,,,,,,,,,,,,,,,,
154,Success,15,18,1,1,4.299,0.345,0.118,,0.278,,0.554,,3.003,,,,,,,,,,,,,,,,,,,,,,,,
155,Success,17,15,1,1,1.626,0.012,0.465,0.028,,1.121,,,,,,,,,,,,,,,,,,,,,,,,,,,
156,Success,19,16,0,1,4.115,0.052,0.092,0.095,0.889,0.175,,0.334,,2.478,,,,,,,,,,,,,,,,,,,,,,,
157,Success,19,17,2,0,6.715,0.031,0.12,0.056,0.298,0.104,1.074,0.209,,4.822,,,,,,,,,,,,,,,,,,,,,,,
158,Success,22,15,0,1,28.623,0.015,0.485,0.037,,0.069,,0.141,,0.257,,0.562,,1.376,,25.68,,,,,,,,,,,,,,,,,
159,Success,15,15,1,1,0.684,0.218,0.466,,,,,,,,,,,,,,,,,,,,,,,,,,,,,,
160,Success,17,15,1,1,1.639,0.014,0.468,0.026,,1.131,,,,,,,,,,,,,,,,,,,,,,,,,,,
161,Success,17,17,0,1,2.229,0.015,0.112,0.028,0.272,0.649,1.153,,,,,,,,,,,,,,,,,,,,,,,,,,
162,Success,16,15,0,0,0.678,0.014,0.306,0.359,,,,,,,,,,,,,,,,,,,,,,,,,,,,,
163,Success,16,15,1,0,0.742,0.026,0.304,0.413,,,,,,,,,,,,,,,,,,,,,,,,,,,,,
164,Success,15,15,0,1,0.677,0.202,0.474,,,,,,,,,,,,,,,,,,,,,,,,,,,,,,
165,Success,15,15,1,2,1.036,0.229,0.807,,,,,,,,,,,,,,,,,,,,,,,,,,,,,,
166,Success,15,16,0,3,2.073,0.198,0.112,,1.763,,,,,,,,,,,,,,,,,,,,,,,,,,,,
167,Success,15,18,1,1,3.34,0.218,0.098,,0.24,,0.469,,2.315,,,,,,,,,,,,,,,,,,,,,,,,
168,Success,16,16,1,0,1.1,0.01,0.114,0.396,0.58,,,,,,,,,,,,,,,,,,,,,,,,,,,,
169,Success,15,15,0,1,0.663,0.199,0.464,,,,,,,,,,,,,,,,,,,,,,,,,,,,,,
170,Success,16,16,4,1,3.071,0.027,0.088,2.095,0.861,,,,,,,,,,,,,,,,,,,,,,,,,,,,
171,Success,15,15,0,1,0.517,0.199,0.317,,,,,,,,,,,,,,,,,,,,,,,,,,,,,,
172,Success,18,15,4,1,9.417,0.037,0.464,0.076,,0.14,,8.699,,,,,,,,,,,,,,,,,,,,,,,,,
173,Success,16,15,2,1,1.032,0.016,0.318,0.699,,,,,,,,,,,,,,,,,,,,,,,,,,,,,
174,Success,15,17,1,1,1.698,0.219,0.093,,0.233,,1.153,,,,,,,,,,,,,,,,,,,,,,,,,,
175,Success,17,15,0,1,1.007,0.012,0.318,0.025,,0.652,,,,,,,,,,,,,,,,,,,,,,,,,,,
176,Success,18,15,1,1,2.634,0.018,0.315,0.034,,0.147,,2.12,,,,,,,,,,,,,,,,,,,,,,,,,
177,Success,16,15,0,1,0.842,0.017,0.467,0.358,,,,,,,,,,,,,,,,,,,,,,,,,,,,,
178,Success,16,15,1,0,0.712,0.007,0.307,0.398,,,,,,,,,,,,,,,,,,,,,,,,,,,,,
179,Success,15,16,1,1,1.11,0.349,0.115,,0.646,,,,,,,,,,,,,,,,,,,,,,,,,,,,
180,Success,15,15,0,2,0.996,0.198,0.798,,,,,,,,,,,,,,,,,,,,,,,,,,,,,,
181,Success,17,18,2,1,4.374,0.019,0.112,0.089,0.273,1.072,0.542,,2.267,,,,,,,,,,,,,,,,,,,,,,,,
182,Success,15,17,1,0,1.82,0.345,0.122,,0.285,,1.067,,,,,,,,,,,,,,,,,,,,,,,,,,
183,Success,15,16,0,1,0.946,0.198,0.093,,0.654,,,,,,,,,,,,,,,,,,,,,,,,,,,,
184,Success,17,16,2,1,2.233,0.039,0.109,0.074,0.645,1.366,,,,,,,,,,,,,,,,,,,,,,,,,,,
185,Success,17,17,1,1,3.113,0.023,0.102,0.049,0.248,1.121,1.569,,,,,,,,,,,,,,,,,,,,,,,,,,
186,Success,16,18,2,0,4.15,0.044,0.11,1.149,0.265,,0.513,,2.069,,,,,,,,,,,,,,,,,,,,,,,,
187,Success,16,17,1,1,2.387,0.046,0.117,0.392,0.277,,1.553,,,,,,,,,,,,,,,,,,,,,,,,,,
188,Success,15,16,1,4,5.25,0.227,0.088,,4.936,,,,,,,,,,,,,,,,,,,,,,,,,,,,
189,Success,15,18,1,1,3.363,0.347,0.091,,0.238,,0.472,,2.215,,,,,,,,,,,,,,,,,,,,,,,,
190,Success,16,17,1,1,2.059,0.014,0.132,0.41,0.291,,1.212,,,,,,,,,,,,,,,,,,,,,,,,,,
191,Success,15,16,1,1,1.34,0.346,0.13,,0.864,,,,,,,,,,,,,,,,,,,,,,,,,,,,
192,Success,15,17,1,1,1.774,0.218,0.106,,0.3,,1.149,,,,,,,,,,,,,,,,,,,,,,,,,,
193,Success,20,16,2,2,9.601,0.026,0.096,0.056,1.434,0.115,,0.208,,0.434,,7.232,,,,,,,,,,,,,,,,,,,,,
194,Success,15,15,0,2,0.716,0.198,0.518,,,,,,,,,,,,,,,,,,,,,,,,,,,,,,
195,Success,16,17,1,0,1.824,0.025,0.101,0.392,0.242,,1.064,,,,,,,,,,,,,,,,,,,,,,,,,,
196,Success,15,18,1,3,7.828,0.346,0.114,,0.275,,0.543,,6.551,,,,,,,,,,,,,,,,,,,,,,,,
197,Success,16,15,1,0,0.952,0.027,0.3,0.624,,,,,,,,,,,,,,,,,,,,,,,,,,,,,
198,Success,15,16,1,1,1.316,0.349,0.091,,0.876,,,,,,,,,,,,,,,,,,,,,,,,,,,,
199,Success,16,16,1,1,1.414,0.025,0.123,0.395,0.871,,,,,,,,,,,,,,,,,,,,,,,,,,,,
200,Success,16,15,1,1,1.116,0.017,0.472,0.626,,,,,,,,,,,,,,,,,,,,,,,,,,,,,
201,Success,15,16,3,2,1.839,0.725,0.13,,0.984,,,,,,,,,,,,,,,,,,,,,,,,,,,,
202,Success,15,16,0,0,0.907,0.201,0.115,,0.591,,,,,,,,,,,,,,,,,,,,,,,,,,,,
203,Success,20,16,0,0,6.969,0.039,0.107,0.076,0.583,0.147,,0.303,,0.616,,5.099,,,,,,,,,,,,,,,,,,,,,
204,Success,23,16,1,2,139.698,0.024,0.106,0.05,0.963,0.093,,0.211,,0.412,,0.925,,2.147,,4.777,,129.991,,,,,,,,,,,,,,,
205,Success,17,16,1,2,1.662,0.015,0.124,0.091,0.715,0.717,,,,,,,,,,,,,,,,,,,,,,,,,,,
206,Success,16,15,0,0,0.692,0.036,0.299,0.357,,,,,,,,,,,,,,,,,,,,,,,,,,,,,
207,Success,16,16,1,2,2.224,0.047,0.132,0.619,1.426,,,,,,,,,,,,,,,,,,,,,,,,,,,,
208,Success,15,16,2,0,0.947,0.263,0.102,,0.582,,,,,,,,,,,,,,,,,,,,,,,,,,,,
209,Success,15,21,0,2,56.31,0.198,0.107,,0.263,,0.501,,1.009,,2.019,,8.655,,43.558,,,,,,,,,,,,,,,,,,
210,Success,15,19,1,1,6.756,0.346,0.099,,0.241,,0.49,,0.974,,4.606,,,,,,,,,,,,,,,,,,,,,,
211,Success,17,15,1,1,1.285,0.038,0.464,0.07,,0.712,,,,,,,,,,,,,,,,,,,,,,,,,,,
212,Success,15,19,1,0,6.386,0.346,0.11,,0.268,,0.513,,1.037,,4.114,,,,,,,,,,,,,,,,,,,,,,
213,Success,15,19,0,1,6.588,0.199,0.094,,0.237,,0.474,,0.947,,4.637,,,,,,,,,,,,,,,,,,,,,,
214,Success,16,17,1,1,2.173,0.019,0.099,0.623,0.251,,1.181,,,,,,,,,,,,,,,,,,,,,,,,,,
215,Success,15,15,0,0,0.499,0.199,0.3,,,,,,,,,,,,,,,,,,,,,,,,,,,,,,
216,Success,15,17,3,2,3.645,0.721,0.108,,0.26,,2.557,,,,,,,,,,,,,,,,,,,,,,,,,,
217,Success,15,15,3,1,1.064,0.748,0.316,,,,,,,,,,,,,,,,,,,,,,,,,,,,,,
218,Success,15,17,0,2,1.875,0.199,0.118,,0.251,,1.306,,,,,,,,,,,,,,,,,,,,,,,,,,
219,Success,17,16,1,0,1.522,0.026,0.099,0.047,0.579,0.772,,,,,,,,,,,,,,,,,,,,,,,,,,,
220,Success,15,16,0,1,1.181,0.199,0.112,,0.87,,,,,,,,,,,,,,,,,,,,,,,,,,,,
221,Success,15,16,2,2,2.238,0.642,0.085,,1.511,,,,,,,,,,,,,,,,,,,,,,,,,,,,
222,Success,16,17,1,1,2.154,0.024,0.096,0.617,0.281,,1.137,,,,,,,,,,,,,,,,,,,,,,,,,,
223,Success,15,15,0,2,0.722,0.199,0.523,,,,,,,,,,,,,,,,,,,,,,,,,,,,,,
224,Success,16,16,0,1,1.147,0.041,0.112,0.355,0.638,,,,,,,,,,,,,,,,,,,,,,,,,,,,
225,Success,16,15,3,0,1.597,0.005,0.298,1.295,,,,,,,,,,,,,,,,,,,,,,,,,,,,,
226,Success,15,15,2,0,0.94,0.642,0.298,,,,,,,,,,,,,,,,,,,,,,,,,,,,,,
227,Success,17,15,0,1,1.062,0.03,0.319,0.056,,0.656,,,,,,,,,,,,,,,,,,,,,,,,,,,
228,Success,17,17,1,1,2.802,0.017,0.112,0.036,0.288,0.758,1.59,,,,,,,,,,,,,,,,,,,,,,,,,,
229,Success,16,19,1,1,6.73,0.01,0.097,0.392,0.237,,0.481,,0.958,,4.556,,,,,,,,,,,,,,,,,,,,,,
230,Success,17,16,0,5,3.669,0.045,0.087,0.082,2.811,0.644,,,,,,,,,,,,,,,,,,,,,,,,,,,
231,Success,20,15,1,0,9.888,0.03,0.302,0.054,,0.099,,0.189,,0.434,,8.781,,,,,,,,,,,,,,,,,,,,,
232,Success,15,19,1,4,21.683,0.348,0.114,,0.273,,0.533,,1.051,,19.365,,,,,,,,,,,,,,,,,,,,,,
233,Success,15,15,2,1,0.73,0.263,0.467,,,,,,,,,,,,,,,,,,,,,,,,,,,,,,
234,Success,15,16,0,1,0.932,0.201,0.103,,0.628,,,,,,,,,,,,,,,,,,,,,,,,,,,,
235,Success,15,15,0,0,0.5,0.2,0.3,,,,,,,,,,,,,,,,,,,,,,,,,,,,,,
236,Success,16,15,0,2,0.941,0.043,0.54,0.358,,,,,,,,,,,,,,,,,,,,,,,,,,,,,
237,Success,17,15,1,1,1.121,0.029,0.316,0.058,,0.718,,,,,,,,,,,,,,,,,,,,,,,,,,,
238,Success,17,15,0,0,0.985,0.012,0.295,0.031,,0.647,,,,,,,,,,,,,,,,,,,,,,,,,,,
239,Success,16,20,1,1,17.944,0.05,0.089,0.411,0.269,,0.539,,1.073,,2.161,,13.351,,,,,,,,,,,,,,,,,,,,
240,Success,16,16,0,1,1.36,0.009,0.13,0.357,0.864,,,,,,,,,,,,,,,,,,,,,,,,,,,,
241,Success,16,15,1,1,0.965,0.052,0.468,0.445,,,,,,,,,,,,,,,,,,,,,,,,,,,,,
242,Success,17,17,0,1,2.604,0.037,0.089,0.04,0.225,0.647,1.567,,,,,,,,,,,,,,,,,,,,,,,,,,
243,Success,15,15,0,2,1.002,0.199,0.803,,,,,,,,,,,,,,,,,,,,,,,,,,,,,,
244,Success,15,16,2,1,1.353,0.382,0.114,,0.857,,,,,,,,,,,,,,,,,,,,,,,,,,,,
245,Success,17,15,1,1,1.128,0.019,0.324,0.035,,0.75,,,,,,,,,,,,,,,,,,,,,,,,,,,
246,Success,21,17,1,1,23.741,0.025,0.089,0.049,0.223,0.091,1.14,0.184,,0.385,,0.775,,20.781,,,,,,,,,,,,,,,,,,,
247,Success,15,18,2,0,3.353,0.388,0.106,,0.256,,0.503,,2.1,,,,,,,,,,,,,,,,,,,,,,,,
248,Success,16,18,1,2,3.952,0.035,0.106,0.398,0.251,,0.483,,2.679,,,,,,,,,,,,,,,,,,,,,,,,
249,Success,15,16,3,0,1.275,0.581,0.105,,0.589,,,,,,,,,,,,,,,,,,,,,,,,,,,,
250,Success,15,15,3,1,1.162,0.827,0.335,,,,,,,,,,,,,,,,,,,,,,,,,,,,,,
251,Success,16,17,1,4,4.989,0.01,0.089,0.394,0.238,,4.259,,,,,,,,,,,,,,,,,,,,,,,,,,
252,Success,16,16,4,1,2.147,0.033,0.115,1.367,0.632,,,,,,,,,,,,,,,,,,,,,,,,,,,,
253,Success,16,15,1,0,0.731,0.022,0.298,0.411,,,,,,,,,,,,,,,,,,,,,,,,,,,,,
254,Success,16,16,0,1,1.1,0.012,0.108,0.36,0.62,,,,,,,,,,,,,,,,,,,,,,,,,,,,
255,Success,15,16,2,1,1.281,0.289,0.126,,0.865,,,,,,,,,,,,,,,,,,,,,,,,,,,,
256,Success,16,16,0,0,1.067,0.038,0.092,0.354,0.582,,,,,,,,,,,,,,,,,,,,,,,,,,,,
257,Success,17,15,2,1,2.465,0.034,0.316,0.059,,2.056,,,,,,,,,,,,,,,,,,,,,,,,,,,
258,Success,15,15,1,3,1.286,0.346,0.94,,,,,,,,,,,,,,,,,,,,,,,,,,,,,,
259,Success,17,15,4,3,3.113,0.009,1.008,0.048,,2.048,,,,,,,,,,,,,,,,,,,,,,,,,,,
260,Success,16,17,1,1,1.957,0.05,0.11,0.395,0.26,,1.142,,,,,,,,,,,,,,,,,,,,,,,,,,
261,Success,16,17,1,0,1.812,0.022,0.098,0.393,0.235,,1.064,,,,,,,,,,,,,,,,,,,,,,,,,,
262,Success,15,15,1,1,0.66,0.344,0.315,,,,,,,,,,,,,,,,,,,,,,,,,,,,,,
263,Success,15,16,2,1,1.614,0.64,0.115,,0.859,,,,,,,,,,,,,,,,,,,,,,,,,,,,
264,Success,19,15,0,2,3.015,0.015,0.37,0.028,,0.052,,0.109,,2.441,,,,,,,,,,,,,,,,,,,,,,,
265,Success,16,17,1,0,2.108,0.023,0.117,0.621,0.274,,1.071,,,,,,,,,,,,,,,,,,,,,,,,,,
266,Success,15,15,1,0,0.647,0.348,0.299,,,,,,,,,,,,,,,,,,,,,,,,,,,,,,
267,Success,18,15,0,1,1.893,0.051,0.33,0.089,,0.175,,1.249,,,,,,,,,,,,,,,,,,,,,,,,,
268,Success,16,15,2,0,1.006,0.012,0.298,0.695,,,,,,,,,,,,,,,,,,,,,,,,,,,,,
269,Success,16,15,1,1,0.947,0.01,0.317,0.619,,,,,,,,,,,,,,,,,,,,,,,,,,,,,
270,Success,15,16,3,1,1.52,0.572,0.09,,0.858,,,,,,,,,,,,,,,,,,,,,,,,,,,,
271,Success,15,15,1,4,0.908,0.226,0.681,,,,,,,,,,,,,,,,,,,,,,,,,,,,,,
272,Success,16,16,0,1,1.343,0.024,0.098,0.356,0.865,,,,,,,,,,,,,,,,,,,,,,,,,,,,
273,Success,18,18,1,0,5.377,0.024,0.128,0.043,0.297,0.079,0.593,2.121,2.093,,,,,,,,,,,,,,,,,,,,,,,,
274,Success,16,15,1,0,0.733,0.032,0.303,0.398,,,,,,,,,,,,,,,,,,,,,,,,,,,,,
275,Success,16,15,0,2,0.878,0.014,0.508,0.357,,,,,,,,,,,,,,,,,,,,,,,,,,,,,
276,Success,16,15,1,2,0.98,0.052,0.528,0.399,,,,,,,,,,,,,,,,,,,,,,,,,,,,,
277,Success,17,17,1,0,2.307,0.042,0.109,0.076,0.279,0.716,1.086,,,,,,,,,,,,,,,,,,,,,,,,,,
278,Success,15,15,0,0,0.497,0.199,0.299,,,,,,,,,,,,,,,,,,,,,,,,,,,,,,
279,Success,15,17,1,1,1.749,0.218,0.116,,0.277,,1.137,,,,,,,,,,,,,,,,,,,,,,,,,,
280,Success,16,15,1,1,0.993,0.047,0.325,0.621,,,,,,,,,,,,,,,,,,,,,,,,,,,,,
281,Success,15,19,0,1,6.28,0.199,0.088,,0.235,,0.457,,0.912,,4.39,,,,,,,,,,,,,,,,,,,,,,
282,Success,16,21,0,0,29.778,0.005,0.093,0.354,0.236,,0.464,,0.934,,1.937,,5.24,,20.516,,,,,,,,,,,,,,,,,,
283,Success,16,15,0,1,0.835,0.013,0.465,0.357,,,,,,,,,,,,,,,,,,,,,,,,,,,,,
284,Success,15,17,1,4,3.206,0.346,0.11,,0.263,,2.487,,,,,,,,,,,,,,,,,,,,,,,,,,
285,Success,19,18,1,2,6.722,0.016,0.13,0.028,0.296,0.053,0.583,0.1,2.75,2.767,,,,,,,,,,,,,,,,,,,,,,,
286,Success,16,15,0,1,0.722,0.05,0.316,0.357,,,,,,,,,,,,,,,,,,,,,,,,,,,,,
287,Success,17,16,2,3,3.657,0.004,0.095,0.032,2.551,0.975,,,,,,,,,,,,,,,,,,,,,,,,,,,
288,Success,15,15,1,0,0.644,0.346,0.298,,,,,,,,,,,,,,,,,,,,,,,,,,,,,,
289,Success,17,19,2,1,9.831,0.028,0.087,0.051,0.247,2.065,0.495,,0.962,,5.897,,,,,,,,,,,,,,,,,,,,,,
290,Success,16,17,1,0,1.82,0.018,0.105,0.393,0.247,,1.057,,,,,,,,,,,,,,,,,,,,,,,,,,
291,Success,16,17,2,0,2.179,0.005,0.106,0.759,0.253,,1.057,,,,,,,,,,,,,,,,,,,,,,,,,,
292,Success,15,22,2,1,89.65,0.264,0.1,,0.246,,0.488,,0.983,,1.996,,8.343,,18.076,,59.154,,,,,,,,,,,,,,,,
293,Success,17,15,1,0,1.454,0.012,0.296,0.025,,1.122,,,,,,,,,,,,,,,,,,,,,,,,,,,
294,Success,18,18,0,1,4.321,0.012,0.098,0.022,0.245,0.04,0.479,1.231,2.196,,,,,,,,,,,,,,,,,,,,,,,,
295,Success,15,15,0,0,0.499,0.201,0.298,,,,,,,,,,,,,,,,,,,,,,,,,,,,,,
296,Success,17,15,3,0,3.277,0.021,0.296,0.039,,2.921,,,,,,,,,,,,,,,,,,,,,,,,,,,
297,Success,15,17,0,5,5.95,0.199,0.087,,0.32,,5.344,,,,,,,,,,,,,,,,,,,,,,,,,,
298,Success,15,15,0,2,0.764,0.202,0.562,,,,,,,,,,,,,,,,,,,,,,,,,,,,,,
299,Success,15,15,1,1,0.558,0.238,0.32,,,,,,,,,,,,,,,,,,,,,,,,,,,,,,
300,Success,15,17,0,1,2.142,0.201,0.102,,0.285,,1.554,,,,,,,,,,,,,,,,,,,,,,,,,,
301,Success,16,15,1,1,0.985,0.047,0.317,0.621,,,,,,,,,,,,,,,,,,,,,,,,,,,,,
302,Success,18,17,1,1,4.201,0.018,0.113,0.04,0.265,0.074,1.554,2.136,,,,,,,,,,,,,,,,,,,,,,,,,
303,Success,18,15,1,1,1.773,0.01,0.313,0.022,,0.052,,1.374,,,,,,,,,,,,,,,,,,,,,,,,,
304,Success,15,18,0,5,16.698,0.199,0.091,,0.327,,0.471,,15.609,,,,,,,,,,,,,,,,,,,,,,,,
305,Success,15,18,2,0,3.237,0.263,0.119,,0.281,,0.535,,2.039,,,,,,,,,,,,,,,,,,,,,,,,
306,Success,15,18,0,1,3.205,0.198,0.091,,0.232,,0.45,,2.236,,,,,,,,,,,,,,,,,,,,,,,,
307,Success,15,16,0,1,1.181,0.199,0.121,,0.862,,,,,,,,,,,,,,,,,,,,,,,,,,,,
308,Success,19,15,2,2,9.309,0.027,0.5,0.093,,0.183,,0.351,,8.155,,,,,,,,,,,,,,,,,,,,,,,
309,Success,16,16,0,1,1.367,0.02,0.128,0.356,0.863,,,,,,,,,,,,,,,,,,,,,,,,,,,,
310,Success,15,18,2,1,3.459,0.417,0.105,,0.258,,0.499,,2.18,,,,,,,,,,,,,,,,,,,,,,,,
311,Success,16,17,1,1,2.565,0.02,0.092,0.618,0.285,,1.55,,,,,,,,,,,,,,,,,,,,,,,,,,
312,Success,15,17,0,0,1.593,0.199,0.093,,0.237,,1.063,,,,,,,,,,,,,,,,,,,,,,,,,,
313,Success,16,17,0,0,1.855,0.042,0.12,0.355,0.276,,1.061,,,,,,,,,,,,,,,,,,,,,,,,,,
314,Success,17,15,0,0,1.049,0.037,0.295,0.07,,0.647,,,,,,,,,,,,,,,,,,,,,,,,,,,
315,Success,21,15,0,2,13.558,0.04,0.516,0.085,,0.156,,0.321,,0.629,,1.226,,10.585,,,,,,,,,,,,,,,,,,,
316,Success,16,15,1,0,0.742,0.048,0.299,0.395,,,,,,,,,,,,,,,,,,,,,,,,,,,,,
317,Success,16,15,0,0,0.681,0.025,0.299,0.356,,,,,,,,,,,,,,,,,,,,,,,,,,,,,
318,Success,15,16,1,1,1.101,0.345,0.105,,0.651,,,,,,,,,,,,,,,,,,,,,,,,,,,,
319,Success,16,15,0,1,0.861,0.038,0.466,0.357,,,,,,,,,,,,,,,,,,,,,,,,,,,,,
320,Success,16,15,2,2,1.525,0.027,0.8,0.697,,,,,,,,,,,,,,,,,,,,,,,,,,,,,
321,Success,16,16,2,1,1.49,0.004,0.093,0.535,0.858,,,,,,,,,,,,,,,,,,,,,,,,,,,,
322,Success,18,19,0,0,7.297,0.014,0.107,0.025,0.257,0.047,0.512,1.236,1.014,,4.087,,,,,,,,,,,,,,,,,,,,,,
323,Success,15,15,0,1,0.666,0.2,0.466,,,,,,,,,,,,,,,,,,,,,,,,,,,,,,
324,Success,15,15,1,1,0.689,0.226,0.463,,,,,,,,,,,,,,,,,,,,,,,,,,,,,,
325,Success,17,15,0,0,1.012,0.023,0.296,0.043,,0.649,,,,,,,,,,,,,,,,,,,,,,,,,,,
326,Success,15,16,3,2,1.618,0.75,0.107,,0.761,,,,,,,,,,,,,,,,,,,,,,,,,,,,
327,Success,16,16,1,1,1.425,0.043,0.13,0.619,0.633,,,,,,,,,,,,,,,,,,,,,,,,,,,,
328,Success,16,17,3,0,2.769,0.019,0.115,1.301,0.269,,1.064,,,,,,,,,,,,,,,,,,,,,,,,,,
329,Success,15,17,2,0,1.726,0.297,0.088,,0.281,,1.059,,,,,,,,,,,,,,,,,,,,,,,,,,
330,Success,16,15,0,1,0.871,0.047,0.467,0.357,,,,,,,,,,,,,,,,,,,,,,,,,,,,,
331,Success,15,15,1,1,0.69,0.226,0.464,,,,,,,,,,,,,,,,,,,,,,,,,,,,,,
332,Success,17,16,1,1,1.929,0.027,0.099,0.052,0.631,1.12,,,,,,,,,,,,,,,,,,,,,,,,,,,
333,Success,16,15,0,1,0.864,0.043,0.465,0.356,,,,,,,,,,,,,,,,,,,,,,,,,,,,,
334,Success,16,16,0,2,1.447,0.02,0.096,0.358,0.974,,,,,,,,,,,,,,,,,,,,,,,,,,,,
335,Success,15,15,2,2,0.766,0.264,0.503,,,,,,,,,,,,,,,,,,,,,,,,,,,,,,
336,Success,15,15,3,1,1.072,0.756,0.316,,,,,,,,,,,,,,,,,,,,,,,,,,,,,,
337,Success,15,15,0,2,0.994,0.199,0.795,,,,,,,,,,,,,,,,,,,,,,,,,,,,,,
338,Success,15,16,0,1,1.147,0.199,0.089,,0.86,,,,,,,,,,,,,,,,,,,,,,,,,,,,
339,Success,17,17,0,0,2.11,0.014,0.102,0.025,0.252,0.647,1.07,,,,,,,,,,,,,,,,,,,,,,,,,,
340,Success,16,15,0,1,0.831,0.01,0.465,0.356,,,,,,,,,,,,,,,,,,,,,,,,,,,,,
341,Success,16,16,2,1,1.884,0.014,0.112,1.142,0.616,,,,,,,,,,,,,,,,,,,,,,,,,,,,
342,Success,17,16,1,0,1.949,0.036,0.115,0.094,0.582,1.122,,,,,,,,,,,,,,,,,,,,,,,,,,,
343,Success,17,15,3,1,2.188,0.033,0.464,0.081,,1.611,,,,,,,,,,,,,,,,,,,,,,,,,,,
344,Success,21,16,0,3,15.509,0.03,0.13,0.08,1.832,0.146,,0.315,,0.616,,1.286,,11.074,,,,,,,,,,,,,,,,,,,
345,Success,15,15,0,2,0.561,0.199,0.362,,,,,,,,,,,,,,,,,,,,,,,,,,,,,,
346,Success,16,16,0,1,1.134,0.033,0.124,0.358,0.619,,,,,,,,,,,,,,,,,,,,,,,,,,,,
347,Success,16,16,1,0,1.347,0.04,0.107,0.622,0.579,,,,,,,,,,,,,,,,,,,,,,,,,,,,
348,Success,16,15,0,0,0.702,0.047,0.299,0.356,,,,,,,,,,,,,,,,,,,,,,,,,,,,,
349,Success,17,16,2,2,3.178,0.017,0.111,0.065,0.933,2.052,,,,,,,,,,,,,,,,,,,,,,,,,,,
350,Success,15,16,2,0,1.123,0.436,0.105,,0.582,,,,,,,,,,,,,,,,,,,,,,,,,,,,
351,Success,16,15,1,1,0.878,0.018,0.466,0.394,,,,,,,,,,,,,,,,,,,,,,,,,,,,,
352,Success,16,15,0,1,0.703,0.031,0.315,0.357,,,,,,,,,,,,,,,,,,,,,,,,,,,,,
353,Success,16,22,0,0,77.962,0.037,0.11,0.355,0.263,,0.508,,1.043,,2.102,,8.565,,19.458,,45.521,,,,,,,,,,,,,,,,
354,Success,17,17,1,0,2.592,0.033,0.086,0.061,0.222,1.118,1.072,,,,,,,,,,,,,,,,,,,,,,,,,,
355,Success,15,17,0,1,1.653,0.199,0.092,,0.232,,1.131,,,,,,,,,,,,,,,,,,,,,,,,,,
356,Success,15,17,2,1,1.789,0.292,0.088,,0.271,,1.137,,,,,,,,,,,,,,,,,,,,,,,,,,
357,Success,17,17,1,1,3.071,0.019,0.102,0.035,0.245,1.113,1.558,,,,,,,,,,,,,,,,,,,,,,,,,,
358,Success,20,18,4,1,26.087,0.028,0.091,0.061,0.223,0.112,0.435,0.225,2.962,0.441,,21.509,,,,,,,,,,,,,,,,,,,,,
359,Success,17,16,0,1,1.674,0.022,0.106,0.04,0.862,0.645,,,,,,,,,,,,,,,,,,,,,,,,,,,
360,Success,15,16,1,1,1.325,0.345,0.113,,0.866,,,,,,,,,,,,,,,,,,,,,,,,,,,,
361,Success,17,15,0,0,0.979,0.014,0.296,0.025,,0.644,,,,,,,,,,,,,,,,,,,,,,,,,,,
362,Success,16,16,1,0,1.11,0.023,0.112,0.394,0.58,,,,,,,,,,,,,,,,,,,,,,,,,,,,
363,Success,20,16,1,1,10.052,0.014,0.119,0.041,0.855,0.075,,0.131,,0.237,,8.582,,,,,,,,,,,,,,,,,,,,,
364,Success,16,15,0,0,0.703,0.04,0.299,0.365,,,,,,,,,,,,,,,,,,,,,,,,,,,,,
365,Success,18,16,0,1,2.479,0.03,0.116,0.085,0.859,0.156,,1.233,,,,,,,,,,,,,,,,,,,,,,,,,
366,Success,15,17,1,1,1.829,0.344,0.104,,0.254,,1.126,,,,,,,,,,,,,,,,,,,,,,,,,,
367,Success,17,18,1,2,4.894,0.02,0.102,0.037,0.247,1.119,0.491,,2.877,,,,,,,,,,,,,,,,,,,,,,,,
368,Success,15,16,3,0,1.432,0.754,0.102,,0.577,,,,,,,,,,,,,,,,,,,,,,,,,,,,
369,Success,16,15,0,0,0.706,0.05,0.3,0.356,,,,,,,,,,,,,,,,,,,,,,,,,,,,,
370,Success,16,15,0,1,0.694,0.02,0.317,0.357,,,,,,,,,,,,,,,,,,,,,,,,,,,,,
371,Success,15,15,0,0,0.496,0.2,0.296,,,,,,,,,,,,,,,,,,,,,,,,,,,,,,
372,Success,15,16,1,1,1.053,0.346,0.087,,0.62,,,,,,,,,,,,,,,,,,,,,,,,,,,,
373,Success,17,15,1,2,1.323,0.031,0.508,0.062,,0.723,,,,,,,,,,,,,,,,,,,,,,,,,,,
374,Success,16,17,1,1,2.345,0.022,0.092,0.395,0.276,,1.561,,,,,,,,,,,,,,,,,,,,,,,,,,
375,Success,19,16,1,1,4.329,0.022,0.13,0.073,0.853,0.135,,0.28,,2.837,,,,,,,,,,,,,,,,,,,,,,,
376,Success,15,15,0,1,0.666,0.199,0.466,,,,,,,,,,,,,,,,,,,,,,,,,,,,,,
377,Success,17,16,1,1,1.54,0.014,0.09,0.026,0.631,0.78,,,,,,,,,,,,,,,,,,,,,,,,,,,
378,Success,15,15,1,0,0.642,0.346,0.296,,,,,,,,,,,,,,,,,,,,,,,,,,,,,,
379,Success,16,15,0,1,0.874,0.05,0.467,0.358,,,,,,,,,,,,,,,,,,,,,,,,,,,,,
380,Success,16,16,1,2,1.734,0.036,0.115,0.615,0.968,,,,,,,,,,,,,,,,,,,,,,,,,,,,
381,Success,15,15,3,0,0.774,0.476,0.298,,,,,,,,,,,,,,,,,,,,,,,,,,,,,,
382,Success,19,21,0,0,32.372,0.029,0.099,0.095,0.253,0.176,0.485,0.335,1.022,2.454,2.099,,5.291,,20.033,,,,,,,,,,,,,,,,,,
383,Success,16,15,1,2,1.476,0.046,0.807,0.624,,,,,,,,,,,,,,,,,,,,,,,,,,,,,
384,Success,15,17,0,2,1.895,0.2,0.105,,0.259,,1.331,,,,,,,,,,,,,,,,,,,,,,,,,,
385,Success,16,17,0,0,1.823,0.034,0.098,0.36,0.24,,1.092,,,,,,,,,,,,,,,,,,,,,,,,,,
386,Success,15,15,3,0,0.833,0.531,0.302,,,,,,,,,,,,,,,,,,,,,,,,,,,,,,
387,Success,15,15,0,1,0.66,0.198,0.462,,,,,,,,,,,,,,,,,,,,,,,,,,,,,,
388,Success,16,16,0,1,1.363,0.007,0.132,0.357,0.867,,,,,,,,,,,,,,,,,,,,,,,,,,,,
389,Success,17,16,3,1,2.389,0.017,0.112,0.03,0.636,1.594,,,,,,,,,,,,,,,,,,,,,,,,,,,
390,Success,17,17,0,4,4.736,0.01,0.128,0.025,0.295,0.654,3.623,,,,,,,,,,,,,,,,,,,,,,,,,,
391,Success,15,15,1,2,0.736,0.217,0.519,,,,,,,,,,,,,,,,,,,,,,,,,,,,,,
392,Success,16,15,1,4,1.457,0.017,1.026,0.414,,,,,,,,,,,,,,,,,,,,,,,,,,,,,
393,Success,16,15,1,0,0.753,0.027,0.299,0.427,,,,,,,,,,,,,,,,,,,,,,,,,,,,,
394,Success,20,19,1,0,15.612,0.023,0.102,0.085,0.247,0.174,0.492,0.311,0.981,0.608,4.029,8.56,,,,,,,,,,,,,,,,,,,,,
395,Success,15,16,1,0,0.9,0.218,0.097,,0.586,,,,,,,,,,,,,,,,,,,,,,,,,,,,
396,Success,17,16,0,0,1.399,0.025,0.106,0.049,0.575,0.643,,,,,,,,,,,,,,,,,,,,,,,,,,,
397,Success,15,15,1,0,0.643,0.346,0.297,,,,,,,,,,,,,,,,,,,,,,,,,,,,,,
398,Success,17,16,0,1,1.713,0.01,0.111,0.082,0.86,0.649,,,,,,,,,,,,,,,,,,,,,,,,,,,
399,Success,17,15,2,2,1.826,0.021,0.502,0.038,,1.265,,,,,,,,,,,,,,,,,,,,,,,,,,,
400,Success,16,16,3,1,1.686,0.036,0.102,0.685,0.864,,,,,,,,,,,,,,,,,,,,,,,,,,,,
401,Success,17,19,0,1,6.852,0.013,0.087,0.055,0.224,0.644,0.449,,0.898,,4.481,,,,,,,,,,,,,,,,,,,,,,
402,Success,15,15,1,1,0.811,0.346,0.465,,,,,,,,,,,,,,,,,,,,,,,,,,,,,,
403,Success,17,15,0,1,1.02,0.012,0.314,0.046,,0.647,,,,,,,,,,,,,,,,,,,,,,,,,,,
404,Success,16,16,1,0,1.322,0.027,0.092,0.622,0.58,,,,,,,,,,,,,,,,,,,,,,,,,,,,
405,Success,15,17,0,1,1.784,0.199,0.129,,0.297,,1.159,,,,,,,,,,,,,,,,,,,,,,,,,,
406,Success,16,16,1,1,1.602,0.033,0.094,0.617,0.858,,,,,,,,,,,,,,,,,,,,,,,,,,,,
407,Success,16,15,2,0,1.04,0.017,0.298,0.725,,,,,,,,,,,,,,,,,,,,,,,,,,,,,
408,Success,16,16,0,2,1.936,0.027,0.116,0.358,1.434,,,,,,,,,,,,,,,,,,,,,,,,,,,,
409,Success,15,16,0,4,2.891,0.198,0.12,,2.573,,,,,,,,,,,,,,,,,,,,,,,,,,,,
410,Success,16,21,1,0,41.339,0.019,0.095,0.411,0.23,,0.543,,1.075,,2.212,,8.859,,27.895,,,,,,,,,,,,,,,,,,
411,Success,15,15,1,0,0.645,0.346,0.298,,,,,,,,,,,,,,,,,,,,,,,,,,,,,,
412,Success,15,15,1,0,0.641,0.346,0.295,,,,,,,,,,,,,,,,,,,,,,,,,,,,,,
413,Success,15,16,2,2,1.451,0.383,0.1,,0.968,,,,,,,,,,,,,,,,,,,,,,,,,,,,
414,Success,16,15,3,1,1.393,0.05,0.463,0.88,,,,,,,,,,,,,,,,,,,,,,,,,,,,,
415,Success,15,15,3,0,0.861,0.562,0.299,,,,,,,,,,,,,,,,,,,,,,,,,,,,,,
416,Success,16,17,1,6,11.287,0.017,0.091,0.399,0.24,,10.541,,,,,,,,,,,,,,,,,,,,,,,,,,
417,Success,16,17,1,1,1.982,0.045,0.114,0.395,0.265,,1.164,,,,,,,,,,,,,,,,,,,,,,,,,,
418,Success,18,15,1,0,1.844,0.03,0.294,0.055,,0.101,,1.365,,,,,,,,,,,,,,,,,,,,,,,,,
419,Success,16,15,0,3,1.249,0.013,0.877,0.358,,,,,,,,,,,,,,,,,,,,,,,,,,,,,
420,Success,15,18,0,1,3.297,0.198,0.118,,0.275,,0.531,,2.175,,,,,,,,,,,,,,,,,,,,,,,,
421,Success,15,16,1,0,1.022,0.345,0.097,,0.581,,,,,,,,,,,,,,,,,,,,,,,,,,,,
422,Success,18,17,0,1,2.792,0.014,0.095,0.025,0.232,0.047,1.143,1.237,,,,,,,,,,,,,,,,,,,,,,,,,
423,Success,17,15,0,1,1.201,0.033,0.464,0.061,,0.643,,,,,,,,,,,,,,,,,,,,,,,,,,,
424,Success,18,16,1,3,3.678,0.047,0.095,0.079,1.119,0.151,,2.186,,,,,,,,,,,,,,,,,,,,,,,,,
425,Success,16,15,0,0,0.676,0.022,0.299,0.356,,,,,,,,,,,,,,,,,,,,,,,,,,,,,
426,Success,15,15,0,2,0.996,0.199,0.797,,,,,,,,,,,,,,,,,,,,,,,,,,,,,,
427,Success,15,23,0,1,260.65,0.199,0.105,,0.26,,0.507,,1.023,,2.083,,7.039,,19.019,,36.916,,193.499,,,,,,,,,,,,,,
428,Success,15,15,3,2,1.727,1.226,0.501,,,,,,,,,,,,,,,,,,,,,,,,,,,,,,
429,Success,16,15,0,1,0.711,0.038,0.318,0.356,,,,,,,,,,,,,,,,,,,,,,,,,,,,,
430,Success,15,17,1,1,2.18,0.219,0.117,,0.28,,1.565,,,,,,,,,,,,,,,,,,,,,,,,,,
431,Success,15,16,0,2,1.247,0.199,0.109,,0.94,,,,,,,,,,,,,,,,,,,,,,,,,,,,
432,Success,15,17,1,1,2.127,0.217,0.093,,0.269,,1.548,,,,,,,,,,,,,,,,,,,,,,,,,,
433,Success,15,15,0,1,0.666,0.2,0.466,,,,,,,,,,,,,,,,,,,,,,,,,,,,,,
434,Success,15,17,2,1,1.95,0.384,0.13,,0.298,,1.138,,,,,,,,,,,,,,,,,,,,,,,,,,
435,Success,18,16,6,1,24.518,0.009,0.094,0.033,0.607,0.127,,23.647,,,,,,,,,,,,,,,,,,,,,,,,,
436,Success,16,16,2,1,1.479,0.022,0.125,0.697,0.635,,,,,,,,,,,,,,,,,,,,,,,,,,,,
437,Success,16,15,2,2,1.222,0.024,0.502,0.696,,,,,,,,,,,,,,,,,,,,,,,,,,,,,
438,Success,15,15,1,1,0.823,0.347,0.476,,,,,,,,,,,,,,,,,,,,,,,,,,,,,,
439,Success,15,17,1,1,1.891,0.347,0.107,,0.301,,1.136,,,,,,,,,,,,,,,,,,,,,,,,,,
440,Success,16,15,0,1,0.831,0.009,0.465,0.357,,,,,,,,,,,,,,,,,,,,,,,,,,,,,
441,Success,15,15,2,1,1.111,0.645,0.466,,,,,,,,,,,,,,,,,,,,,,,,,,,,,,
442,Success,15,17,1,4,4.42,0.218,0.133,,0.302,,3.767,,,,,,,,,,,,,,,,,,,,,,,,,,
443,Success,15,16,1,1,1.175,0.218,0.093,,0.864,,,,,,,,,,,,,,,,,,,,,,,,,,,,
444,Success,15,15,1,1,0.684,0.353,0.331,,,,,,,,,,,,,,,,,,,,,,,,,,,,,,
445,Success,16,15,0,0,0.68,0.023,0.299,0.358,,,,,,,,,,,,,,,,,,,,,,,,,,,,,
446,Success,17,17,0,0,2.215,0.022,0.121,0.04,0.273,0.67,1.089,,,,,,,,,,,,,,,,,,,,,,,,,,
447,Success,15,15,2,0,0.678,0.382,0.296,,,,,,,,,,,,,,,,,,,,,,,,,,,,,,
448,Success,16,15,3,2,1.725,0.021,0.534,1.169,,,,,,,,,,,,,,,,,,,,,,,,,,,,,
449,Success,17,15,3,0,4.307,0.031,0.295,0.057,,3.924,,,,,,,,,,,,,,,,,,,,,,,,,,,
450,Success,17,18,3,4,9.432,0.04,0.126,0.094,0.284,2.483,0.556,,5.849,,,,,,,,,,,,,,,,,,,,,,,,
451,Success,16,15,1,3,1.298,0.014,0.886,0.398,,,,,,,,,,,,,,,,,,,,,,,,,,,,,
452,Success,15,17,3,0,2.291,0.826,0.118,,0.285,,1.063,,,,,,,,,,,,,,,,,,,,,,,,,,
453,Success,15,18,1,0,3.162,0.217,0.101,,0.259,,0.506,,2.079,,,,,,,,,,,,,,,,,,,,,,,,
454,Success,18,15,1,2,3.097,0.032,0.796,0.058,,0.107,,2.105,,,,,,,,,,,,,,,,,,,,,,,,,
455,Success,17,15,1,0,1.485,0.02,0.294,0.055,,1.116,,,,,,,,,,,,,,,,,,,,,,,,,,,
456,Success,16,18,1,0,3.415,0.02,0.12,0.396,0.279,,0.538,,2.061,,,,,,,,,,,,,,,,,,,,,,,,
457,Success,16,15,1,1,0.903,0.043,0.467,0.393,,,,,,,,,,,,,,,,,,,,,,,,,,,,,
458,Success,15,17,1,1,1.888,0.345,0.125,,0.29,,1.128,,,,,,,,,,,,,,,,,,,,,,,,,,
459,Success,16,17,0,4,3.574,0.01,0.088,0.355,0.283,,2.838,,,,,,,,,,,,,,,,,,,,,,,,,,
460,Success,16,17,0,0,1.779,0.023,0.088,0.356,0.245,,1.065,,,,,,,,,,,,,,,,,,,,,,,,,,
461,Success,15,15,1,1,0.681,0.218,0.463,,,,,,,,,,,,,,,,,,,,,,,,,,,,,,
462,Success,15,18,1,0,3.311,0.345,0.115,,0.274,,0.526,,2.052,,,,,,,,,,,,,,,,,,,,,,,,
463,Success,15,18,1,3,9.524,0.217,0.109,,0.265,,0.509,,8.423,,,,,,,,,,,,,,,,,,,,,,,,
464,Success,15,15,1,0,0.513,0.217,0.296,,,,,,,,,,,,,,,,,,,,,,,,,,,,,,
465,Success,18,16,1,1,2.455,0.022,0.107,0.04,0.852,0.074,,1.361,,,,,,,,,,,,,,,,,,,,,,,,,
466,Success,17,16,1,1,2.136,0.015,0.093,0.028,0.868,1.131,,,,,,,,,,,,,,,,,,,,,,,,,,,
467,Success,15,17,1,1,2.171,0.243,0.103,,0.26,,1.565,,,,,,,,,,,,,,,,,,,,,,,,,,
468,Success,19,15,1,1,5.159,0.032,0.464,0.059,,0.115,,0.22,,4.268,,,,,,,,,,,,,,,,,,,,,,,
469,Success,16,16,3,0,2.048,0.024,0.095,1.353,0.576,,,,,,,,,,,,,,,,,,,,,,,,,,,,
470,Success,18,15,0,2,1.748,0.008,0.357,0.052,,0.107,,1.223,,,,,,,,,,,,,,,,,,,,,,,,,
471,Success,17,15,2,0,1.751,0.005,0.295,0.01,,1.44,,,,,,,,,,,,,,,,,,,,,,,,,,,
472,Success,18,19,1,0,8.616,0.044,0.118,0.086,0.277,0.163,0.566,2.132,1.119,,4.112,,,,,,,,,,,,,,,,,,,,,,
473,Success,16,19,1,0,6.317,0.014,0.095,0.407,0.237,,0.484,,0.967,,4.113,,,,,,,,,,,,,,,,,,,,,,
474,Success,15,15,0,1,0.523,0.199,0.324,,,,,,,,,,,,,,,,,,,,,,,,,,,,,,
475,Success,17,18,2,1,4.756,0.027,0.093,0.042,0.236,1.504,0.467,,2.388,,,,,,,,,,,,,,,,,,,,,,,,
476,Success,17,17,1,1,2.616,0.015,0.088,0.028,0.231,1.118,1.135,,,,,,,,,,,,,,,,,,,,,,,,,,
477,Success,18,16,3,1,4.392,0.031,0.114,0.062,0.629,0.115,,3.44,,,,,,,,,,,,,,,,,,,,,,,,,
478,Success,15,16,1,1,1.315,0.346,0.108,,0.862,,,,,,,,,,,,,,,,,,,,,,,,,,,,
479,Success,15,16,0,1,1.147,0.198,0.088,,0.862,,,,,,,,,,,,,,,,,,,,,,,,,,,,
480,Success,16,15,2,0,0.852,0.017,0.296,0.539,,,,,,,,,,,,,,,,,,,,,,,,,,,,,
481,Success,15,19,0,1,6.224,0.198,0.092,,0.234,,0.448,,0.925,,4.327,,,,,,,,,,,,,,,,,,,,,,
482,Success,15,16,2,1,0.976,0.263,0.096,,0.617,,,,,,,,,,,,,,,,,,,,,,,,,,,,
483,Success,15,18,1,1,4.313,0.344,0.128,,0.298,,0.574,,2.968,,,,,,,,,,,,,,,,,,,,,,,,
484,Success,15,17,2,1,2.162,0.643,0.115,,0.27,,1.134,,,,,,,,,,,,,,,,,,,,,,,,,,
485,Success,15,15,1,1,0.532,0.217,0.314,,,,,,,,,,,,,,,,,,,,,,,,,,,,,,
486,Success,16,16,2,1,1.54,0.021,0.113,0.79,0.616,,,,,,,,,,,,,,,,,,,,,,,,,,,,
487,Success,16,15,0,1,0.694,0.025,0.314,0.355,,,,,,,,,,,,,,,,,,,,,,,,,,,,,
488,Success,15,15,0,2,0.723,0.2,0.523,,,,,,,,,,,,,,,,,,,,,,,,,,,,,,
489,Success,16,15,1,0,0.937,0.022,0.297,0.618,,,,,,,,,,,,,,,,,,,,,,,,,,,,,
490,Success,15,15,0,0,0.505,0.203,0.302,,,,,,,,,,,,,,,,,,,,,,,,,,,,,,
491,Success,18,15,1,2,1.897,0.025,0.36,0.049,,0.097,,1.366,,,,,,,,,,,,,,,,,,,,,,,,,
492,Success,15,16,1,1,1.182,0.218,0.102,,0.863,,,,,,,,,,,,,,,,,,,,,,,,,,,,
493,Success,16,18,4,2,6.731,0.004,0.11,2.613,0.26,,0.508,,3.236,,,,,,,,,,,,,,,,,,,,,,,,
494,Success,19,20,0,0,19.311,0.037,0.095,0.064,0.23,0.129,0.468,0.246,0.949,2.427,1.906,,12.761,,,,,,,,,,,,,,,,,,,,
495,Success,15,15,1,2,0.705,0.345,0.361,,,,,,,,,,,,,,,,,,,,,,,,,,,,,,
496,Success,15,15,2,1,0.734,0.4,0.334,,,,,,,,,,,,,,,,,,,,,,,,,,,,,,
497,Success,16,15,0,3,0.848,0.032,0.462,0.355,,,,,,,,,,,,,,,,,,,,,,,,,,,,,
498,Success,20,16,1,1,9.996,0.017,0.095,0.031,0.855,0.063,,0.119,,0.237,,8.579,,,,,,,,,,,,,,,,,,,,,
499,Success,18,17,2,2,4.315,0.019,0.097,0.041,0.235,0.082,1.882,1.958,,,,,,,,,,,,,,,,,,,,,,,,,
500,Success,15,16,1,1,1.326,0.344,0.118,,0.864,,,,,,,,,,,,,,,,,,,,,,,,,,,,
501,Success,15,15,2,1,0.85,0.384,0.466,,,,,,,,,,,,,,,,,,,,,,,,,,,,,,
502,Success,15,16,1,1,1.084,0.347,0.117,,0.621,,,,,,,,,,,,,,,,,,,,,,,,,,,,
503,Success,16,16,1,3,2.177,0.02,0.13,0.392,1.635,,,,,,,,,,,,,,,,,,,,,,,,,,,,
504,Success,15,15,0,1,0.522,0.198,0.324,,,,,,,,,,,,,,,,,,,,,,,,,,,,,,
505,Success,16,16,2,1,1.561,0.047,0.13,0.694,0.689,,,,,,,,,,,,,,,,,,,,,,,,,,,,
506,Success,17,15,0,3,1.205,0.035,0.461,0.067,,0.642,,,,,,,,,,,,,,,,,,,,,,,,,,,
507,Success,16,15,3,0,1.243,0.038,0.297,0.908,,,,,,,,,,,,,,,,,,,,,,,,,,,,,
508,Success,17,15,1,2,1.264,0.014,0.501,0.031,,0.718,,,,,,,,,,,,,,,,,,,,,,,,,,,
509,Success,15,18,5,0,4.279,1.368,0.107,,0.255,,0.494,,2.055,,,,,,,,,,,,,,,,,,,,,,,,
510,Success,15,16,1,0,0.886,0.218,0.085,,0.582,,,,,,,,,,,,,,,,,,,,,,,,,,,,
511,Success,16,17,0,2,3.263,0.008,0.104,0.357,0.256,,2.537,,,,,,,,,,,,,,,,,,,,,,,,,,
512,Success,16,15,1,1,1.105,0.023,0.465,0.617,,,,,,,,,,,,,,,,,,,,,,,,,,,,,
513,Success,16,15,0,1,0.844,0.018,0.467,0.358,,,,,,,,,,,,,,,,,,,,,,,,,,,,,
514,Success,16,16,1,1,1.164,0.019,0.091,0.44,0.614,,,,,,,,,,,,,,,,,,,,,,,,,,,,
515,Success,15,16,1,1,1.207,0.217,0.126,,0.864,,,,,,,,,,,,,,,,,,,,,,,,,,,,
516,Success,17,17,0,0,2.198,0.027,0.123,0.052,0.284,0.645,1.068,,,,,,,,,,,,,,,,,,,,,,,,,,
517,Success,17,17,1,2,2.859,0.037,0.097,0.07,0.237,1.11,1.307,,,,,,,,,,,,,,,,,,,,,,,,,,
518,Success,16,15,0,1,0.715,0.04,0.317,0.358,,,,,,,,,,,,,,,,,,,,,,,,,,,,,
519,Success,16,15,0,0,0.695,0.039,0.298,0.358,,,,,,,,,,,,,,,,,,,,,,,,,,,,,
520,Success,19,16,1,0,5.194,0.022,0.087,0.044,0.573,0.076,,0.155,,4.236,,,,,,,,,,,,,,,,,,,,,,,
521,Success,16,16,1,2,2.005,0.045,0.116,0.412,1.432,,,,,,,,,,,,,,,,,,,,,,,,,,,,
522,Success,16,15,1,0,0.952,0.035,0.296,0.621,,,,,,,,,,,,,,,,,,,,,,,,,,,,,
523,Success,15,16,2,1,1.363,0.64,0.109,,0.614,,,,,,,,,,,,,,,,,,,,,,,,,,,,
524,Success,15,16,0,2,1.268,0.199,0.13,,0.938,,,,,,,,,,,,,,,,,,,,,,,,,,,,
525,Success,15,16,3,1,1.594,0.6,0.129,,0.865,,,,,,,,,,,,,,,,,,,,,,,,,,,,
526,Success,15,17,2,0,2.061,0.636,0.107,,0.255,,1.062,,,,,,,,,,,,,,,,,,,,,,,,,,
527,Success,17,15,1,1,1.069,0.027,0.314,0.016,,0.713,,,,,,,,,,,,,,,,,,,,,,,,,,,
528,Success,15,17,1,1,2.27,0.346,0.088,,0.28,,1.556,,,,,,,,,,,,,,,,,,,,,,,,,,
529,Success,17,16,1,0,1.855,0.024,0.094,0.044,0.576,1.117,,,,,,,,,,,,,,,,,,,,,,,,,,,
530,Success,15,16,2,2,1.249,0.401,0.107,,0.741,,,,,,,,,,,,,,,,,,,,,,,,,,,,
531,Success,16,15,1,2,0.817,0.037,0.371,0.409,,,,,,,,,,,,,,,,,,,,,,,,,,,,,
532,Success,15,16,1,0,1.033,0.345,0.112,,0.577,,,,,,,,,,,,,,,,,,,,,,,,,,,,
533,Success,15,17,4,1,3.866,2.4,0.095,,0.234,,1.138,,,,,,,,,,,,,,,,,,,,,,,,,,
534,Success,16,15,0,1,0.856,0.037,0.463,0.357,,,,,,,,,,,,,,,,,,,,,,,,,,,,,
535,Success,18,16,0,1,2.294,0.048,0.125,0.094,0.629,0.173,,1.225,,,,,,,,,,,,,,,,,,,,,,,,,
536,Success,16,17,0,1,1.921,0.028,0.092,0.357,0.277,,1.166,,,,,,,,,,,,,,,,,,,,,,,,,,
537,Success,16,18,0,1,3.519,0.052,0.105,0.357,0.254,,0.495,,2.257,,,,,,,,,,,,,,,,,,,,,,,,
538,Success,16,15,1,1,0.898,0.038,0.467,0.393,,,,,,,,,,,,,,,,,,,,,,,,,,,,,
539,Success,15,19,0,1,6.396,0.2,0.092,,0.238,,0.501,,0.996,,4.371,,,,,,,,,,,,,,,,,,,,,,
540,Success,16,16,0,1,1.092,0.018,0.099,0.356,0.619,,,,,,,,,,,,,,,,,,,,,,,,,,,,
541,Success,16,15,0,1,0.846,0.025,0.465,0.356,,,,,,,,,,,,,,,,,,,,,,,,,,,,,
542,Success,18,17,1,1,4.301,0.017,0.113,0.083,0.271,0.152,1.55,2.116,,,,,,,,,,,,,,,,,,,,,,,,,
543,Success,16,16,1,1,1.584,0.01,0.09,0.62,0.864,,,,,,,,,,,,,,,,,,,,,,,,,,,,
544,Success,18,15,2,0,3.022,0.016,0.294,0.035,,0.059,,2.618,,,,,,,,,,,,,,,,,,,,,,,,,
545,Success,15,18,0,2,6.035,0.198,0.085,,0.386,,0.577,,4.788,,,,,,,,,,,,,,,,,,,,,,,,
546,Success,16,16,1,1,1.623,0.022,0.118,0.62,0.862,,,,,,,,,,,,,,,,,,,,,,,,,,,,
547,Success,15,17,0,0,1.626,0.199,0.088,,0.271,,1.069,,,,,,,,,,,,,,,,,,,,,,,,,,
548,Success,16,15,1,0,0.719,0.03,0.298,0.391,,,,,,,,,,,,,,,,,,,,,,,,,,,,,
549,Success,18,17,2,0,4.031,0.024,0.102,0.065,0.245,0.137,1.068,2.39,,,,,,,,,,,,,,,,,,,,,,,,,
550,Success,16,16,1,1,1.35,0.018,0.1,0.615,0.616,,,,,,,,,,,,,,,,,,,,,,,,,,,,
551,Success,15,17,2,1,2.341,0.388,0.109,,0.265,,1.579,,,,,,,,,,,,,,,,,,,,,,,,,,
552,Success,16,15,0,1,0.712,0.04,0.317,0.355,,,,,,,,,,,,,,,,,,,,,,,,,,,,,
553,Success,16,15,0,1,0.861,0.03,0.473,0.357,,,,,,,,,,,,,,,,,,,,,,,,,,,,,
554,Success,17,16,1,0,1.932,0.045,0.114,0.082,0.581,1.111,,,,,,,,,,,,,,,,,,,,,,,,,,,
555,Success,15,16,1,2,1.258,0.226,0.093,,0.939,,,,,,,,,,,,,,,,,,,,,,,,,,,,
556,Success,21,16,0,1,13.175,0.027,0.11,0.058,0.616,0.107,,0.239,,0.448,,1.036,,10.535,,,,,,,,,,,,,,,,,,,
557,Success,16,16,1,0,1.319,0.019,0.094,0.623,0.583,,,,,,,,,,,,,,,,,,,,,,,,,,,,
558,Success,17,15,1,0,1.528,0.012,0.294,0.076,,1.146,,,,,,,,,,,,,,,,,,,,,,,,,,,
559,Success,17,19,1,1,8.601,0.048,0.102,0.088,0.247,0.718,0.494,,0.985,,5.92,,,,,,,,,,,,,,,,,,,,,,
560,Success,16,15,0,1,0.834,0.01,0.467,0.357,,,,,,,,,,,,,,,,,,,,,,,,,,,,,
561,Success,17,15,0,1,1.067,0.035,0.315,0.064,,0.653,,,,,,,,,,,,,,,,,,,,,,,,,,,
562,Success,15,15,0,0,0.494,0.198,0.296,,,,,,,,,,,,,,,,,,,,,,,,,,,,,,
563,Success,16,16,1,1,1.415,0.041,0.107,0.409,0.858,,,,,,,,,,,,,,,,,,,,,,,,,,,,
564,Success,16,16,0,1,1.109,0.039,0.093,0.358,0.62,,,,,,,,,,,,,,,,,,,,,,,,,,,,
565,Success,15,19,3,2,7.915,0.783,0.124,,0.284,,0.556,,1.112,,5.056,,,,,,,,,,,,,,,,,,,,,,
566,Success,16,15,2,6,6.272,0.029,5.103,1.14,,,,,,,,,,,,,,,,,,,,,,,,,,,,,
567,Success,18,17,0,1,3.034,0.033,0.101,0.067,0.299,0.123,1.163,1.247,,,,,,,,,,,,,,,,,,,,,,,,,
568,Success,15,15,0,1,0.67,0.201,0.47,,,,,,,,,,,,,,,,,,,,,,,,,,,,,,
569,Success,16,17,3,1,2.879,0.049,0.12,1.296,0.278,,1.136,,,,,,,,,,,,,,,,,,,,,,,,,,
570,Success,17,15,0,1,1.062,0.009,0.318,0.083,,0.653,,,,,,,,,,,,,,,,,,,,,,,,,,,
571,Success,15,16,1,2,1.273,0.221,0.114,,0.938,,,,,,,,,,,,,,,,,,,,,,,,,,,,
572,Success,17,15,0,1,1.252,0.047,0.468,0.088,,0.648,,,,,,,,,,,,,,,,,,,,,,,,,,,
573,Success,20,15,0,0,5.877,0.013,0.294,0.028,,0.052,,0.109,,0.259,,5.122,,,,,,,,,,,,,,,,,,,,,
574,Success,15,15,0,1,0.524,0.199,0.324,,,,,,,,,,,,,,,,,,,,,,,,,,,,,,
575,Success,24,15,3,1,714.489,0.025,0.47,0.041,,0.094,,0.179,,0.376,,0.752,,1.854,,4.345,,9.066,,697.287,,,,,,,,,,,,,
576,Success,16,15,1,1,0.988,0.045,0.324,0.619,,,,,,,,,,,,,,,,,,,,,,,,,,,,,
577,Success,15,15,1,0,0.642,0.346,0.297,,,,,,,,,,,,,,,,,,,,,,,,,,,,,,
578,Success,16,16,1,0,1.106,0.027,0.09,0.4,0.589,,,,,,,,,,,,,,,,,,,,,,,,,,,,
579,Success,16,17,0,0,1.81,0.047,0.1,0.357,0.243,,1.063,,,,,,,,,,,,,,,,,,,,,,,,,,
580,Success,17,17,4,2,10.001,0.018,0.089,0.033,0.223,7.867,1.771,,,,,,,,,,,,,,,,,,,,,,,,,,
581,Success,15,16,0,1,1.173,0.2,0.104,,0.869,,,,,,,,,,,,,,,,,,,,,,,,,,,,
582,Success,15,19,1,0,6.395,0.344,0.09,,0.282,,0.538,,1.064,,4.077,,,,,,,,,,,,,,,,,,,,,,
583,Success,16,15,1,1,0.992,0.045,0.319,0.627,,,,,,,,,,,,,,,,,,,,,,,,,,,,,
584,Success,15,16,1,1,1.076,0.347,0.11,,0.619,,,,,,,,,,,,,,,,,,,,,,,,,,,,
585,Success,15,17,1,1,1.876,0.345,0.108,,0.296,,1.127,,,,,,,,,,,,,,,,,,,,,,,,,,
586,Success,18,16,1,0,3.014,0.014,0.09,0.068,0.577,0.125,,2.14,,,,,,,,,,,,,,,,,,,,,,,,,
587,Success,15,17,0,1,2.101,0.198,0.101,,0.251,,1.551,,,,,,,,,,,,,,,,,,,,,,,,,,
588,Success,15,16,1,1,0.933,0.218,0.098,,0.617,,,,,,,,,,,,,,,,,,,,,,,,,,,,
589,Success,15,15,3,1,1.176,0.714,0.462,,,,,,,,,,,,,,,,,,,,,,,,,,,,,,
590,Success,17,16,1,1,1.896,0.039,0.118,0.071,0.859,0.809,,,,,,,,,,,,,,,,,,,,,,,,,,,
591,Success,17,19,0,6,52.125,0.017,0.094,0.034,0.271,0.649,0.458,,1.291,,49.311,,,,,,,,,,,,,,,,,,,,,,
592,Success,16,15,1,0,0.944,0.029,0.297,0.618,,,,,,,,,,,,,,,,,,,,,,,,,,,,,
593,Success,15,15,1,1,0.532,0.217,0.315,,,,,,,,,,,,,,,,,,,,,,,,,,,,,,
594,Success,15,21,2,1,47.665,0.383,0.09,,0.282,,0.549,,1.098,,2.201,,8.995,,34.066,,,,,,,,,,,,,,,,,,
595,Success,16,16,2,1,1.912,0.034,0.092,1.166,0.62,,,,,,,,,,,,,,,,,,,,,,,,,,,,
596,Success,16,15,1,1,0.755,0.028,0.317,0.41,,,,,,,,,,,,,,,,,,,,,,,,,,,,,
597,Success,15,16,0,1,0.947,0.2,0.126,,0.621,,,,,,,,,,,,,,,,,,,,,,,,,,,,
598,Success,15,18,1,0,3.236,0.217,0.09,,0.285,,0.55,,2.093,,,,,,,,,,,,,,,,,,,,,,,,
599,Success,20,16,1,1,8.039,0.019,0.092,0.032,0.61,0.06,,0.316,,0.662,,6.248,,,,,,,,,,,,,,,,,,,,,
600,Success,17,22,1,3,151.529,0.048,0.103,0.088,0.251,1.111,0.501,,0.988,,1.991,,8.795,,17.746,,119.905,,,,,,,,,,,,,,,,
601,Success,15,17,0,1,1.645,0.199,0.088,,0.227,,1.13,,,,,,,,,,,,,,,,,,,,,,,,,,
602,Success,15,16,0,0,0.894,0.199,0.111,,0.583,,,,,,,,,,,,,,,,,,,,,,,,,,,,
603,Success,16,16,1,0,1.342,0.043,0.103,0.618,0.578,,,,,,,,,,,,,,,,,,,,,,,,,,,,
604,Success,15,21,1,1,46.435,0.345,0.093,,0.235,,0.449,,0.894,,1.883,,8.375,,34.162,,,,,,,,,,,,,,,,,,
605,Success,16,17,1,3,2.694,0.027,0.109,0.621,0.257,,1.681,,,,,,,,,,,,,,,,,,,,,,,,,,
606,Success,15,20,1,0,17.041,0.347,0.108,,0.261,,0.499,,1.011,,2.024,,12.79,,,,,,,,,,,,,,,,,,,,
607,Success,15,17,0,0,1.589,0.199,0.093,,0.233,,1.064,,,,,,,,,,,,,,,,,,,,,,,,,,
608,Success,15,15,2,0,0.938,0.642,0.297,,,,,,,,,,,,,,,,,,,,,,,,,,,,,,
609,Success,15,17,1,0,1.783,0.347,0.108,,0.264,,1.065,,,,,,,,,,,,,,,,,,,,,,,,,,
610,Success,15,15,1,0,0.516,0.219,0.297,,,,,,,,,,,,,,,,,,,,,,,,,,,,,,
611,Success,18,17,1,1,4.279,0.021,0.129,0.044,0.293,0.082,1.561,2.15,,,,,,,,,,,,,,,,,,,,,,,,,
612,Success,17,16,1,2,2.264,0.015,0.086,0.027,1.421,0.716,,,,,,,,,,,,,,,,,,,,,,,,,,,
613,Success,15,15,1,1,0.531,0.217,0.313,,,,,,,,,,,,,,,,,,,,,,,,,,,,,,
614,Success,16,16,1,1,1.393,0.033,0.099,0.396,0.865,,,,,,,,,,,,,,,,,,,,,,,,,,,,
615,Success,17,15,1,1,1.474,0.015,0.313,0.028,,1.118,,,,,,,,,,,,,,,,,,,,,,,,,,,
616,Success,15,17,0,1,2.134,0.2,0.112,,0.267,,1.556,,,,,,,,,,,,,,,,,,,,,,,,,,
617,Success,15,16,1,1,0.947,0.218,0.092,,0.637,,,,,,,,,,,,,,,,,,,,,,,,,,,,
618,Success,15,18,1,0,3.159,0.234,0.086,,0.226,,0.539,,2.073,,,,,,,,,,,,,,,,,,,,,,,,
619,Success,15,17,1,1,2.246,0.346,0.099,,0.248,,1.553,,,,,,,,,,,,,,,,,,,,,,,,,,
620,Success,15,15,2,2,0.743,0.382,0.361,,,,,,,,,,,,,,,,,,,,,,,,,,,,,,
621,Success,16,17,3,1,2.985,0.026,0.092,1.429,0.271,,1.167,,,,,,,,,,,,,,,,,,,,,,,,,,
622,Success,15,15,0,2,0.716,0.198,0.518,,,,,,,,,,,,,,,,,,,,,,,,,,,,,,
623,Success,17,15,0,1,1.195,0.03,0.462,0.054,,0.648,,,,,,,,,,,,,,,,,,,,,,,,,,,
624,Success,16,17,1,3,2.876,0.034,0.099,0.41,0.241,,2.093,,,,,,,,,,,,,,,,,,,,,,,,,,
625,Success,15,16,0,1,1.191,0.199,0.126,,0.866,,,,,,,,,,,,,,,,,,,,,,,,,,,,
626,Success,19,16,2,1,6.779,0.026,0.116,0.047,0.85,0.099,,0.19,,5.45,,,,,,,,,,,,,,,,,,,,,,,
627,Success,20,16,0,1,6.726,0.022,0.093,0.046,0.858,0.091,,0.162,,0.36,,5.095,,,,,,,,,,,,,,,,,,,,,
628,Success,22,15,3,3,74.014,0.037,0.464,0.066,,0.139,,0.266,,0.564,,1.147,,2.501,,68.83,,,,,,,,,,,,,,,,,
629,Success,15,15,2,1,0.725,0.401,0.324,,,,,,,,,,,,,,,,,,,,,,,,,,,,,,
630,Success,15,16,1,2,1.569,0.347,0.122,,1.1,,,,,,,,,,,,,,,,,,,,,,,,,,,,
631,Success,15,18,0,1,4.097,0.199,0.113,,0.273,,0.534,,2.979,,,,,,,,,,,,,,,,,,,,,,,,
632,Success,15,17,1,0,1.742,0.346,0.098,,0.239,,1.059,,,,,,,,,,,,,,,,,,,,,,,,,,
633,Success,15,16,0,0,0.866,0.198,0.088,,0.581,,,,,,,,,,,,,,,,,,,,,,,,,,,,
634,Success,16,15,0,1,0.718,0.043,0.317,0.358,,,,,,,,,,,,,,,,,,,,,,,,,,,,,
635,Success,16,16,1,1,1.399,0.022,0.108,0.409,0.859,,,,,,,,,,,,,,,,,,,,,,,,,,,,
636,Success,17,16,1,0,1.46,0.02,0.105,0.043,0.578,0.714,,,,,,,,,,,,,,,,,,,,,,,,,,,
637,Success,17,15,1,0,1.125,0.028,0.296,0.05,,0.751,,,,,,,,,,,,,,,,,,,,,,,,,,,
638,Success,16,16,0,0,1.056,0.03,0.088,0.356,0.582,,,,,,,,,,,,,,,,,,,,,,,,,,,,
639,Success,18,16,0,1,2.413,0.033,0.09,0.067,0.862,0.123,,1.236,,,,,,,,,,,,,,,,,,,,,,,,,
640,Success,15,16,1,2,1.39,0.348,0.097,,0.944,,,,,,,,,,,,,,,,,,,,,,,,,,,,
641,Success,15,18,1,0,3.387,0.346,0.128,,0.295,,0.564,,2.055,,,,,,,,,,,,,,,,,,,,,,,,
642,Success,15,15,1,1,0.55,0.226,0.324,,,,,,,,,,,,,,,,,,,,,,,,,,,,,,
643,Success,15,17,0,1,2.057,0.198,0.088,,0.225,,1.545,,,,,,,,,,,,,,,,,,,,,,,,,,
644,Success,24,16,3,1,620.283,0.028,0.121,0.064,0.626,0.1,,0.234,,0.458,,0.975,,2.227,,5.088,,10.8,,599.561,,,,,,,,,,,,,
645,Success,16,15,0,1,0.861,0.037,0.465,0.359,,,,,,,,,,,,,,,,,,,,,,,,,,,,,
646,Success,15,17,1,1,2.137,0.217,0.106,,0.259,,1.556,,,,,,,,,,,,,,,,,,,,,,,,,,
647,Success,15,15,0,0,0.504,0.203,0.302,,,,,,,,,,,,,,,,,,,,,,,,,,,,,,
648,Success,17,17,1,1,2.283,0.014,0.117,0.028,0.276,0.713,1.136,,,,,,,,,,,,,,,,,,,,,,,,,,
649,Success,18,15,6,1,27.339,0.018,0.314,0.033,,0.127,,26.848,,,,,,,,,,,,,,,,,,,,,,,,,
650,Success,16,15,4,2,1.939,0.018,0.568,1.353,,,,,,,,,,,,,,,,,,,,,,,,,,,,,
651,Success,16,16,0,0,1.046,0.015,0.092,0.357,0.583,,,,,,,,,,,,,,,,,,,,,,,,,,,,
652,Success,16,15,4,0,2.235,0.011,0.296,1.928,,,,,,,,,,,,,,,,,,,,,,,,,,,,,
653,Success,15,17,0,0,1.656,0.203,0.104,,0.265,,1.085,,,,,,,,,,,,,,,,,,,,,,,,,,
654,Success,17,15,0,2,1.261,0.035,0.501,0.079,,0.646,,,,,,,,,,,,,,,,,,,,,,,,,,,
655,Success,15,15,1,4,1.02,0.345,0.675,,,,,,,,,,,,,,,,,,,,,,,,,,,,,,
656,Success,16,15,2,1,0.826,0.026,0.316,0.485,,,,,,,,,,,,,,,,,,,,,,,,,,,,,
657,Success,15,16,0,2,1.749,0.198,0.125,,1.425,,,,,,,,,,,,,,,,,,,,,,,,,,,,
658,Success,16,16,0,0,1.066,0.018,0.11,0.356,0.581,,,,,,,,,,,,,,,,,,,,,,,,,,,,
659,Success,16,15,0,1,0.849,0.027,0.465,0.357,,,,,,,,,,,,,,,,,,,,,,,,,,,,,
660,Success,16,22,4,1,106.541,0.019,0.113,2.495,0.265,,0.518,,1.061,,2.132,,9.105,,16.103,,74.732,,,,,,,,,,,,,,,,
661,Success,15,16,0,1,0.917,0.199,0.098,,0.619,,,,,,,,,,,,,,,,,,,,,,,,,,,,
662,Success,17,17,2,0,2.823,0.024,0.125,0.047,0.294,1.264,1.07,,,,,,,,,,,,,,,,,,,,,,,,,,
663,Success,15,16,1,1,0.955,0.227,0.105,,0.623,,,,,,,,,,,,,,,,,,,,,,,,,,,,
664,Success,15,16,2,0,1.067,0.398,0.093,,0.576,,,,,,,,,,,,,,,,,,,,,,,,,,,,
665,Success,15,21,1,4,70.16,0.345,0.121,,0.287,,0.543,,1.082,,2.197,,7.347,,58.238,,,,,,,,,,,,,,,,,,
666,Success,18,15,1,2,3.241,0.048,0.807,0.086,,0.159,,2.141,,,,,,,,,,,,,,,,,,,,,,,,,
667,Success,15,15,0,1,0.518,0.2,0.317,,,,,,,,,,,,,,,,,,,,,,,,,,,,,,
668,Success,17,15,1,0,1.187,0.044,0.302,0.086,,0.754,,,,,,,,,,,,,,,,,,,,,,,,,,,
669,Success,15,15,2,0,0.559,0.264,0.296,,,,,,,,,,,,,,,,,,,,,,,,,,,,,,
670,Success,17,16,2,1,2.883,0.045,0.09,0.089,0.612,2.047,,,,,,,,,,,,,,,,,,,,,,,,,,,
671,Success,15,16,1,1,1.314,0.347,0.101,,0.865,,,,,,,,,,,,,,,,,,,,,,,,,,,,
672,Success,15,15,0,1,0.514,0.199,0.315,,,,,,,,,,,,,,,,,,,,,,,,,,,,,,
673,Success,15,17,2,0,1.705,0.288,0.097,,0.259,,1.061,,,,,,,,,,,,,,,,,,,,,,,,,,
674,Success,16,16,1,0,1.125,0.048,0.105,0.394,0.578,,,,,,,,,,,,,,,,,,,,,,,,,,,,
675,Success,19,15,0,1,3.148,0.014,0.313,0.058,,0.108,,0.217,,2.439,,,,,,,,,,,,,,,,,,,,,,,
676,Success,15,16,1,2,1.29,0.234,0.117,,0.939,,,,,,,,,,,,,,,,,,,,,,,,,,,,
677,Success,17,16,1,0,1.927,0.045,0.115,0.088,0.573,1.107,,,,,,,,,,,,,,,,,,,,,,,,,,,
678,Success,16,16,1,0,1.298,0.013,0.09,0.617,0.578,,,,,,,,,,,,,,,,,,,,,,,,,,,,
679,Success,17,16,1,0,1.819,0.012,0.095,0.022,0.577,1.113,,,,,,,,,,,,,,,,,,,,,,,,,,,
680,Success,16,15,2,1,1.206,0.016,0.465,0.725,,,,,,,,,,,,,,,,,,,,,,,,,,,,,
681,Success,16,15,1,1,0.928,0.049,0.467,0.412,,,,,,,,,,,,,,,,,,,,,,,,,,,,,
682,Success,16,16,1,3,2.409,0.028,0.113,0.619,1.649,,,,,,,,,,,,,,,,,,,,,,,,,,,,
683,Success,16,17,0,1,1.934,0.035,0.109,0.357,0.297,,1.135,,,,,,,,,,,,,,,,,,,,,,,,,,
684,Success,15,16,2,1,1.004,0.271,0.114,,0.618,,,,,,,,,,,,,,,,,,,,,,,,,,,,
685,Success,16,15,0,1,0.83,0.012,0.464,0.354,,,,,,,,,,,,,,,,,,,,,,,,,,,,,
686,Success,15,16,2,0,1.089,0.399,0.111,,0.579,,,,,,,,,,,,,,,,,,,,,,,,,,,,
687,Success,16,16,3,0,2.146,0.01,0.122,1.437,0.577,,,,,,,,,,,,,,,,,,,,,,,,,,,,
688,Success,16,15,0,0,0.673,0.018,0.297,0.357,,,,,,,,,,,,,,,,,,,,,,,,,,,,,
689,Success,17,18,1,4,10,0.032,0.095,0.058,0.239,1.113,0.574,,7.889,,,,,,,,,,,,,,,,,,,,,,,,
690,Success,15,16,1,1,1.198,0.218,0.113,,0.867,,,,,,,,,,,,,,,,,,,,,,,,,,,,
691,Success,16,15,0,1,0.685,0.015,0.316,0.355,,,,,,,,,,,,,,,,,,,,,,,,,,,,,
692,Success,16,16,1,1,1.596,0.025,0.091,0.619,0.861,,,,,,,,,,,,,,,,,,,,,,,,,,,,
693,Success,15,16,1,0,0.891,0.218,0.088,,0.585,,,,,,,,,,,,,,,,,,,,,,,,,,,,
694,Success,20,15,1,2,9.686,0.015,0.394,0.052,,0.097,,0.185,,0.361,,8.583,,,,,,,,,,,,,,,,,,,,,
695,Success,18,16,0,1,2.214,0.047,0.089,0.085,0.612,0.157,,1.225,,,,,,,,,,,,,,,,,,,,,,,,,
696,Success,15,17,2,0,2.055,0.64,0.105,,0.249,,1.062,,,,,,,,,,,,,,,,,,,,,,,,,,
697,Success,16,15,0,0,0.672,0.022,0.297,0.354,,,,,,,,,,,,,,,,,,,,,,,,,,,,,
698,Success,16,18,0,1,3.491,0.042,0.116,0.355,0.27,,0.521,,2.187,,,,,,,,,,,,,,,,,,,,,,,,
699,Success,18,15,3,1,5.554,0.009,0.329,0.08,,0.149,,4.987,,,,,,,,,,,,,,,,,,,,,,,,,
700,Success,17,15,2,1,2.498,0.012,0.322,0.095,,2.068,,,,,,,,,,,,,,,,,,,,,,,,,,,
701,Success,15,15,1,0,0.643,0.345,0.297,,,,,,,,,,,,,,,,,,,,,,,,,,,,,,
702,Success,16,16,0,0,1.081,0.023,0.109,0.36,0.588,,,,,,,,,,,,,,,,,,,,,,,,,,,,
703,Success,17,15,0,1,1.212,0.031,0.462,0.078,,0.64,,,,,,,,,,,,,,,,,,,,,,,,,,,
704,Success,16,15,1,0,0.712,0.019,0.298,0.395,,,,,,,,,,,,,,,,,,,,,,,,,,,,,
705,Success,16,15,3,0,1.368,0.005,0.297,1.066,,,,,,,,,,,,,,,,,,,,,,,,,,,,,
706,Success,15,16,1,0,0.911,0.219,0.108,,0.584,,,,,,,,,,,,,,,,,,,,,,,,,,,,
707,Success,18,16,0,1,2.314,0.007,0.102,0.037,0.858,0.08,,1.229,,,,,,,,,,,,,,,,,,,,,,,,,
708,Success,17,16,0,1,1.685,0.023,0.102,0.049,0.868,0.643,,,,,,,,,,,,,,,,,,,,,,,,,,,
709,Success,16,15,0,0,0.706,0.05,0.299,0.357,,,,,,,,,,,,,,,,,,,,,,,,,,,,,
710,Success,19,15,0,0,3.147,0.027,0.295,0.052,,0.113,,0.194,,2.466,,,,,,,,,,,,,,,,,,,,,,,
711,Success,17,16,2,3,4.152,0.033,0.104,0.06,2.629,1.326,,,,,,,,,,,,,,,,,,,,,,,,,,,
712,Success,18,17,1,0,3.248,0.044,0.109,0.09,0.261,0.165,1.083,1.497,,,,,,,,,,,,,,,,,,,,,,,,,
713,Success,15,16,1,2,1.761,0.218,0.112,,1.431,,,,,,,,,,,,,,,,,,,,,,,,,,,,
714,Success,17,16,3,1,2.616,0.024,0.082,0.043,0.859,1.608,,,,,,,,,,,,,,,,,,,,,,,,,,,
715,Success,16,18,1,0,3.563,0.043,0.091,0.619,0.255,,0.494,,2.062,,,,,,,,,,,,,,,,,,,,,,,,
716,Success,18,17,0,1,2.941,0.036,0.093,0.076,0.23,0.134,1.133,1.238,,,,,,,,,,,,,,,,,,,,,,,,,
717,Success,16,15,1,1,0.9,0.037,0.467,0.396,,,,,,,,,,,,,,,,,,,,,,,,,,,,,
718,Success,15,18,1,1,4.184,0.346,0.1,,0.271,,0.484,,2.982,,,,,,,,,,,,,,,,,,,,,,,,
719,Success,17,17,1,1,2.686,0.032,0.093,0.058,0.224,1.12,1.158,,,,,,,,,,,,,,,,,,,,,,,,,,
720,Success,16,16,0,1,1.355,0.017,0.121,0.356,0.862,,,,,,,,,,,,,,,,,,,,,,,,,,,,
721,Success,15,15,1,0,0.512,0.217,0.295,,,,,,,,,,,,,,,,,,,,,,,,,,,,,,
722,Success,17,15,1,0,1.469,0.019,0.294,0.035,,1.121,,,,,,,,,,,,,,,,,,,,,,,,,,,
723,Success,17,16,1,0,1.865,0.022,0.1,0.04,0.581,1.121,,,,,,,,,,,,,,,,,,,,,,,,,,,
724,Success,15,15,1,1,0.536,0.218,0.318,,,,,,,,,,,,,,,,,,,,,,,,,,,,,,
725,Success,18,15,1,4,3.239,0.02,0.964,0.037,,0.068,,2.15,,,,,,,,,,,,,,,,,,,,,,,,,
726,Success,15,15,1,3,0.865,0.218,0.647,,,,,,,,,,,,,,,,,,,,,,,,,,,,,,
727,Success,15,15,0,1,0.664,0.199,0.465,,,,,,,,,,,,,,,,,,,,,,,,,,,,,,
728,Success,17,17,0,3,3.403,0.012,0.086,0.092,0.266,0.65,2.298,,,,,,,,,,,,,,,,,,,,,,,,,,
729,Success,17,16,2,0,1.632,0.026,0.095,0.053,0.575,0.884,,,,,,,,,,,,,,,,,,,,,,,,,,,
730,Success,19,16,0,1,3.792,0.039,0.094,0.067,0.643,0.141,,0.282,,2.526,,,,,,,,,,,,,,,,,,,,,,,
731,Success,16,16,0,1,1.126,0.028,0.106,0.357,0.635,,,,,,,,,,,,,,,,,,,,,,,,,,,,
732,Success,15,18,0,1,3.269,0.199,0.11,,0.267,,0.51,,2.183,,,,,,,,,,,,,,,,,,,,,,,,
733,Success,17,15,0,2,1.518,0.024,0.802,0.043,,0.65,,,,,,,,,,,,,,,,,,,,,,,,,,,
734,Success,15,15,1,1,0.662,0.346,0.316,,,,,,,,,,,,,,,,,,,,,,,,,,,,,,
735,Success,16,16,0,1,1.108,0.008,0.125,0.356,0.617,,,,,,,,,,,,,,,,,,,,,,,,,,,,
736,Success,15,15,2,2,1.058,0.264,0.795,,,,,,,,,,,,,,,,,,,,,,,,,,,,,,
737,Success,15,15,1,1,0.689,0.22,0.469,,,,,,,,,,,,,,,,,,,,,,,,,,,,,,
738,Success,18,17,0,0,2.978,0.045,0.12,0.085,0.272,0.168,1.061,1.226,,,,,,,,,,,,,,,,,,,,,,,,,
739,Success,19,15,0,1,3.136,0.027,0.322,0.052,,0.096,,0.183,,2.456,,,,,,,,,,,,,,,,,,,,,,,
740,Success,17,15,1,1,1.264,0.017,0.463,0.038,,0.745,,,,,,,,,,,,,,,,,,,,,,,,,,,
741,Success,16,17,0,1,1.9,0.05,0.094,0.357,0.231,,1.167,,,,,,,,,,,,,,,,,,,,,,,,,,
742,Success,17,15,1,1,1.304,0.034,0.461,0.067,,0.741,,,,,,,,,,,,,,,,,,,,,,,,,,,
743,Success,15,16,2,1,1.353,0.642,0.094,,0.618,,,,,,,,,,,,,,,,,,,,,,,,,,,,
744,Success,16,17,0,0,1.839,0.045,0.107,0.357,0.253,,1.077,,,,,,,,,,,,,,,,,,,,,,,,,,
745,Success,20,15,0,0,5.863,0.019,0.296,0.031,,0.063,,0.119,,0.237,,5.099,,,,,,,,,,,,,,,,,,,,,
746,Success,15,16,2,1,1.615,0.637,0.118,,0.859,,,,,,,,,,,,,,,,,,,,,,,,,,,,
747,Success,16,15,1,0,0.932,0.014,0.296,0.622,,,,,,,,,,,,,,,,,,,,,,,,,,,,,
748,Success,16,21,0,1,41.164,0.049,0.114,0.366,0.265,,0.542,,1.063,,2.144,,6.634,,29.988,,,,,,,,,,,,,,,,,,
749,Success,18,17,1,0,3.949,0.045,0.124,0.085,0.286,0.151,1.061,2.197,,,,,,,,,,,,,,,,,,,,,,,,,
750,Success,17,16,1,1,1.535,0.009,0.118,0.05,0.613,0.746,,,,,,,,,,,,,,,,,,,,,,,,,,,
751,Success,16,15,1,0,0.949,0.035,0.297,0.617,,,,,,,,,,,,,,,,,,,,,,,,,,,,,
752,Success,20,18,1,1,10.962,0.04,0.092,0.083,0.225,0.152,0.439,0.303,2.952,0.594,,6.081,,,,,,,,,,,,,,,,,,,,,
753,Success,16,16,0,0,1.1,0.033,0.131,0.357,0.579,,,,,,,,,,,,,,,,,,,,,,,,,,,,
754,Success,15,15,1,0,0.514,0.218,0.296,,,,,,,,,,,,,,,,,,,,,,,,,,,,,,
755,Success,16,16,2,1,1.24,0.014,0.119,0.489,0.619,,,,,,,,,,,,,,,,,,,,,,,,,,,,
756,Success,17,18,1,4,8.762,0.052,0.095,0.094,0.24,1.12,0.592,,6.569,,,,,,,,,,,,,,,,,,,,,,,,
757,Success,15,17,4,2,3.88,0.967,0.096,,0.292,,2.525,,,,,,,,,,,,,,,,,,,,,,,,,,
758,Success,15,15,2,1,1.099,0.636,0.463,,,,,,,,,,,,,,,,,,,,,,,,,,,,,,
759,Success,17,17,0,2,2.61,0.027,0.102,0.049,0.289,0.648,1.495,,,,,,,,,,,,,,,,,,,,,,,,,,
760,Success,17,19,3,0,7.633,0.04,0.1,0.079,0.258,1.608,0.494,,0.981,,4.074,,,,,,,,,,,,,,,,,,,,,,
761,Success,15,15,0,0,0.495,0.199,0.296,,,,,,,,,,,,,,,,,,,,,,,,,,,,,,
762,Success,16,21,1,0,41.456,0.017,0.113,0.617,0.279,,0.537,,1.065,,2.147,,9.039,,27.643,,,,,,,,,,,,,,,,,,
763,Success,15,15,0,4,1.396,0.199,1.197,,,,,,,,,,,,,,,,,,,,,,,,,,,,,,
764,Success,16,15,0,1,0.711,0.03,0.324,0.357,,,,,,,,,,,,,,,,,,,,,,,,,,,,,
765,Success,16,15,0,1,0.693,0.017,0.318,0.358,,,,,,,,,,,,,,,,,,,,,,,,,,,,,
766,Success,19,17,2,0,6.986,0.029,0.122,0.053,0.284,0.116,1.059,0.241,,5.082,,,,,,,,,,,,,,,,,,,,,,,
767,Success,16,15,0,2,0.75,0.015,0.378,0.357,,,,,,,,,,,,,,,,,,,,,,,,,,,,,
768,Success,15,16,1,2,1.513,0.345,0.104,,1.064,,,,,,,,,,,,,,,,,,,,,,,,,,,,
769,Success,16,15,1,1,1.115,0.029,0.464,0.622,,,,,,,,,,,,,,,,,,,,,,,,,,,,,
770,Success,16,16,0,2,1.403,0.014,0.089,0.358,0.943,,,,,,,,,,,,,,,,,,,,,,,,,,,,
771,Success,15,16,0,1,1.188,0.198,0.125,,0.865,,,,,,,,,,,,,,,,,,,,,,,,,,,,
772,Success,15,15,0,1,0.515,0.199,0.316,,,,,,,,,,,,,,,,,,,,,,,,,,,,,,
773,Success,15,16,0,1,0.949,0.199,0.129,,0.621,,,,,,,,,,,,,,,,,,,,,,,,,,,,
774,Success,18,17,0,1,2.906,0.018,0.102,0.04,0.275,0.074,1.168,1.228,,,,,,,,,,,,,,,,,,,,,,,,,
775,Success,16,15,1,2,1.441,0.028,0.797,0.615,,,,,,,,,,,,,,,,,,,,,,,,,,,,,
776,Success,17,18,0,0,3.75,0.035,0.11,0.063,0.284,0.645,0.56,,2.053,,,,,,,,,,,,,,,,,,,,,,,,
777,Success,15,15,0,1,0.517,0.2,0.317,,,,,,,,,,,,,,,,,,,,,,,,,,,,,,
778,Success,15,16,1,0,0.914,0.218,0.114,,0.583,,,,,,,,,,,,,,,,,,,,,,,,,,,,
779,Success,16,22,2,1,91.558,0.04,0.102,0.724,0.24,,0.485,,0.995,,1.99,,8.635,,18.898,,59.448,,,,,,,,,,,,,,,,
780,Success,15,15,0,1,0.514,0.199,0.316,,,,,,,,,,,,,,,,,,,,,,,,,,,,,,
781,Success,17,16,0,3,2.041,0.042,0.119,0.076,1.154,0.65,,,,,,,,,,,,,,,,,,,,,,,,,,,
782,Success,17,15,0,1,1.036,0.025,0.313,0.052,,0.647,,,,,,,,,,,,,,,,,,,,,,,,,,,
783,Success,15,17,0,4,3.85,0.198,0.094,,0.367,,3.191,,,,,,,,,,,,,,,,,,,,,,,,,,
784,Success,15,15,3,1,1.548,1.233,0.315,,,,,,,,,,,,,,,,,,,,,,,,,,,,,,
785,Success,15,16,1,1,0.972,0.218,0.119,,0.635,,,,,,,,,,,,,,,,,,,,,,,,,,,,
786,Success,16,15,0,4,1.87,0.051,1.467,0.352,,,,,,,,,,,,,,,,,,,,,,,,,,,,,
787,Success,15,16,2,0,1.109,0.416,0.112,,0.581,,,,,,,,,,,,,,,,,,,,,,,,,,,,
788,Success,16,16,4,4,2.531,0.03,0.087,1.094,1.319,,,,,,,,,,,,,,,,,,,,,,,,,,,,
789,Success,20,15,1,3,10.133,0.035,0.463,0.074,,0.135,,0.269,,0.529,,8.628,,,,,,,,,,,,,,,,,,,,,
790,Success,15,20,1,1,18.712,0.218,0.107,,0.391,,0.541,,1.073,,2.163,,14.219,,,,,,,,,,,,,,,,,,,,
791,Success,15,15,0,1,0.661,0.198,0.462,,,,,,,,,,,,,,,,,,,,,,,,,,,,,,
792,Success,15,15,2,2,0.92,0.383,0.536,,,,,,,,,,,,,,,,,,,,,,,,,,,,,,
793,Success,15,15,0,1,0.513,0.198,0.315,,,,,,,,,,,,,,,,,,,,,,,,,,,,,,
794,Success,15,15,2,1,0.724,0.262,0.462,,,,,,,,,,,,,,,,,,,,,,,,,,,,,,
795,Success,15,18,0,2,5.828,0.199,0.102,,0.253,,0.483,,4.791,,,,,,,,,,,,,,,,,,,,,,,,
796,Success,15,15,2,0,0.942,0.644,0.298,,,,,,,,,,,,,,,,,,,,,,,,,,,,,,
797,Success,16,15,0,1,0.838,0.017,0.465,0.356,,,,,,,,,,,,,,,,,,,,,,,,,,,,,
798,Success,16,18,0,1,4.26,0.015,0.095,0.356,0.273,,0.532,,2.989,,,,,,,,,,,,,,,,,,,,,,,,
799,Success,18,15,1,1,2.884,0.05,0.463,0.091,,0.168,,2.111,,,,,,,,,,,,,,,,,,,,,,,,,
800,Success,16,15,1,0,0.965,0.047,0.296,0.622,,,,,,,,,,,,,,,,,,,,,,,,,,,,,
801,Success,17,15,1,3,1.448,0.016,0.647,0.032,,0.754,,,,,,,,,,,,,,,,,,,,,,,,,,,
802,Success,18,15,1,0,1.843,0.023,0.295,0.052,,0.097,,1.376,,,,,,,,,,,,,,,,,,,,,,,,,
803,Success,15,15,2,1,0.85,0.385,0.466,,,,,,,,,,,,,,,,,,,,,,,,,,,,,,
804,Success,16,17,0,0,1.793,0.051,0.097,0.354,0.233,,1.058,,,,,,,,,,,,,,,,,,,,,,,,,,
805,Success,17,17,1,2,4.186,0.045,0.108,0.083,0.263,1.126,2.56,,,,,,,,,,,,,,,,,,,,,,,,,,
806,Success,15,15,1,0,0.523,0.226,0.297,,,,,,,,,,,,,,,,,,,,,,,,,,,,,,
807,Success,16,18,2,2,4.814,0.023,0.094,0.731,0.235,,0.463,,3.269,,,,,,,,,,,,,,,,,,,,,,,,
808,Success,17,15,4,1,3.833,0.009,0.324,0.017,,3.483,,,,,,,,,,,,,,,,,,,,,,,,,,,
809,Success,17,16,0,1,1.721,0.044,0.087,0.08,0.863,0.648,,,,,,,,,,,,,,,,,,,,,,,,,,,
810,Success,17,15,0,0,1.041,0.035,0.296,0.064,,0.647,,,,,,,,,,,,,,,,,,,,,,,,,,,
811,Success,16,16,0,1,1.072,0.01,0.085,0.358,0.619,,,,,,,,,,,,,,,,,,,,,,,,,,,,
812,Success,15,15,0,1,0.665,0.199,0.466,,,,,,,,,,,,,,,,,,,,,,,,,,,,,,
813,Success,16,18,1,1,4.364,0.028,0.124,0.396,0.283,,0.545,,2.987,,,,,,,,,,,,,,,,,,,,,,,,
814,Success,15,16,0,0,0.887,0.198,0.107,,0.581,,,,,,,,,,,,,,,,,,,,,,,,,,,,
815,Success,15,15,2,1,1.101,0.638,0.463,,,,,,,,,,,,,,,,,,,,,,,,,,,,,,
816,Success,16,15,1,2,1.155,0.009,0.522,0.624,,,,,,,,,,,,,,,,,,,,,,,,,,,,,
817,Success,15,19,1,2,8.848,0.343,0.091,,0.296,,0.558,,1.105,,6.456,,,,,,,,,,,,,,,,,,,,,,
818,Success,17,15,0,1,1.151,0.013,0.463,0.031,,0.644,,,,,,,,,,,,,,,,,,,,,,,,,,,
819,Success,15,15,1,3,1.123,0.217,0.906,,,,,,,,,,,,,,,,,,,,,,,,,,,,,,
820,Success,15,16,1,2,1.42,0.217,0.106,,1.097,,,,,,,,,,,,,,,,,,,,,,,,,,,,
821,Success,16,15,0,0,0.701,0.034,0.307,0.36,,,,,,,,,,,,,,,,,,,,,,,,,,,,,
822,Success,16,16,0,1,1.371,0.045,0.093,0.356,0.878,,,,,,,,,,,,,,,,,,,,,,,,,,,,
823,Success,16,15,2,1,0.851,0.029,0.318,0.504,,,,,,,,,,,,,,,,,,,,,,,,,,,,,
824,Success,18,15,0,2,1.855,0.012,0.517,0.022,,0.079,,1.225,,,,,,,,,,,,,,,,,,,,,,,,,
825,Success,15,16,2,2,1.223,0.399,0.116,,0.708,,,,,,,,,,,,,,,,,,,,,,,,,,,,
826,Success,17,15,1,1,1.494,0.025,0.314,0.046,,1.109,,,,,,,,,,,,,,,,,,,,,,,,,,,
827,Success,16,15,0,2,0.768,0.048,0.363,0.357,,,,,,,,,,,,,,,,,,,,,,,,,,,,,
828,Success,20,15,3,1,24.608,0.033,0.463,0.063,,0.128,,0.243,,0.5,,23.177,,,,,,,,,,,,,,,,,,,,,
829,Success,17,19,0,2,12.292,0.012,0.115,0.022,0.27,0.648,0.545,,1.105,,9.575,,,,,,,,,,,,,,,,,,,,,,
830,Success,15,15,2,3,0.997,0.384,0.613,,,,,,,,,,,,,,,,,,,,,,,,,,,,,,
831,Success,16,19,1,4,21.467,0.015,0.127,0.395,0.294,,0.572,,1.142,,18.921,,,,,,,,,,,,,,,,,,,,,,
832,Success,15,16,0,1,0.929,0.198,0.117,,0.613,,,,,,,,,,,,,,,,,,,,,,,,,,,,
833,Success,15,16,0,1,1.186,0.198,0.128,,0.86,,,,,,,,,,,,,,,,,,,,,,,,,,,,
834,Success,17,15,1,2,1.363,0.032,0.545,0.062,,0.724,,,,,,,,,,,,,,,,,,,,,,,,,,,
835,Success,17,17,1,2,3.687,0.008,0.122,0.016,0.283,0.715,2.542,,,,,,,,,,,,,,,,,,,,,,,,,,
836,Success,15,15,2,0,0.942,0.644,0.298,,,,,,,,,,,,,,,,,,,,,,,,,,,,,,
837,Success,15,17,1,1,2.261,0.346,0.103,,0.255,,1.557,,,,,,,,,,,,,,,,,,,,,,,,,,
838,Success,16,15,1,1,0.901,0.025,0.466,0.41,,,,,,,,,,,,,,,,,,,,,,,,,,,,,
839,Success,16,15,1,1,0.779,0.049,0.318,0.412,,,,,,,,,,,,,,,,,,,,,,,,,,,,,
840,Success,15,15,1,0,0.642,0.345,0.297,,,,,,,,,,,,,,,,,,,,,,,,,,,,,,
841,Success,17,15,0,3,1.676,0.033,0.906,0.091,,0.646,,,,,,,,,,,,,,,,,,,,,,,,,,,
842,Success,21,16,1,2,15.528,0.012,0.116,0.025,1.027,0.108,,0.337,,0.659,,1.35,,11.894,,,,,,,,,,,,,,,,,,,
843,Success,18,16,1,0,2.303,0.029,0.101,0.053,0.576,0.104,,1.441,,,,,,,,,,,,,,,,,,,,,,,,,
844,Success,15,16,5,1,3.658,2.709,0.088,,0.861,,,,,,,,,,,,,,,,,,,,,,,,,,,,
845,Success,16,17,2,2,3.25,0.031,0.099,1.145,0.277,,1.7,,,,,,,,,,,,,,,,,,,,,,,,,,
846,Success,19,17,2,1,7.984,0.027,0.11,0.087,0.258,0.158,1.546,0.303,,5.495,,,,,,,,,,,,,,,,,,,,,,,
847,Success,17,16,1,0,1.536,0.037,0.112,0.068,0.575,0.744,,,,,,,,,,,,,,,,,,,,,,,,,,,
848,Success,15,16,1,0,1.022,0.348,0.087,,0.587,,,,,,,,,,,,,,,,,,,,,,,,,,,,
849,Success,17,15,5,1,6.667,0.009,0.463,0.033,,6.162,,,,,,,,,,,,,,,,,,,,,,,,,,,
850,Success,16,17,1,0,2.067,0.034,0.1,0.62,0.244,,1.07,,,,,,,,,,,,,,,,,,,,,,,,,,
851,Success,16,15,3,2,1.406,0.04,0.555,0.811,,,,,,,,,,,,,,,,,,,,,,,,,,,,,
852,Success,16,16,1,1,1.649,0.052,0.113,0.622,0.862,,,,,,,,,,,,,,,,,,,,,,,,,,,,
853,Success,20,15,2,1,11.953,0.029,0.315,0.056,,0.103,,0.209,,0.432,,10.81,,,,,,,,,,,,,,,,,,,,,
854,Success,17,16,1,0,1.548,0.05,0.088,0.095,0.574,0.741,,,,,,,,,,,,,,,,,,,,,,,,,,,
855,Success,15,15,0,2,0.707,0.201,0.506,,,,,,,,,,,,,,,,,,,,,,,,,,,,,,
856,Success,15,15,2,0,0.697,0.4,0.297,,,,,,,,,,,,,,,,,,,,,,,,,,,,,,
857,Success,15,16,2,3,1.615,0.419,0.087,,1.108,,,,,,,,,,,,,,,,,,,,,,,,,,,,
858,Success,16,18,0,0,3.317,0.008,0.11,0.356,0.27,,0.526,,2.047,,,,,,,,,,,,,,,,,,,,,,,,
859,Success,16,15,1,0,0.969,0.042,0.301,0.626,,,,,,,,,,,,,,,,,,,,,,,,,,,,,
860,Success,15,15,0,0,0.494,0.198,0.296,,,,,,,,,,,,,,,,,,,,,,,,,,,,,,
861,Success,16,15,0,1,0.703,0.031,0.315,0.356,,,,,,,,,,,,,,,,,,,,,,,,,,,,,
862,Success,17,15,0,3,1.303,0.02,0.594,0.04,,0.648,,,,,,,,,,,,,,,,,,,,,,,,,,,
863,Success,16,18,2,1,4.608,0.054,0.099,0.761,0.244,,0.473,,2.978,,,,,,,,,,,,,,,,,,,,,,,,
864,Success,15,16,4,0,1.79,1.105,0.108,,0.577,,,,,,,,,,,,,,,,,,,,,,,,,,,,
865,Success,15,18,1,0,3.259,0.347,0.105,,0.255,,0.487,,2.065,,,,,,,,,,,,,,,,,,,,,,,,
866,Success,16,16,1,4,2.408,0.035,0.129,0.621,1.624,,,,,,,,,,,,,,,,,,,,,,,,,,,,
867,Success,15,15,1,0,0.645,0.348,0.297,,,,,,,,,,,,,,,,,,,,,,,,,,,,,,
868,Success,17,15,0,3,1.738,0.01,1.059,0.025,,0.644,,,,,,,,,,,,,,,,,,,,,,,,,,,
869,Success,15,15,1,0,0.515,0.218,0.297,,,,,,,,,,,,,,,,,,,,,,,,,,,,,,
870,Success,18,17,1,1,3.956,0.047,0.108,0.085,0.289,0.163,1.137,2.126,,,,,,,,,,,,,,,,,,,,,,,,,
871,Success,15,17,0,5,5.834,0.198,0.096,,0.282,,5.258,,,,,,,,,,,,,,,,,,,,,,,,,,
872,Success,16,15,1,1,0.96,0.014,0.331,0.616,,,,,,,,,,,,,,,,,,,,,,,,,,,,,
873,Success,15,16,2,1,1.125,0.401,0.106,,0.617,,,,,,,,,,,,,,,,,,,,,,,,,,,,
874,Success,15,21,1,0,41.713,0.347,0.12,,0.283,,0.54,,1.102,,2.206,,9.209,,27.906,,,,,,,,,,,,,,,,,,
875,Success,19,17,0,1,4.73,0.018,0.132,0.022,0.297,0.085,1.569,0.152,,2.455,,,,,,,,,,,,,,,,,,,,,,,
876,Success,16,16,1,1,1.159,0.026,0.106,0.401,0.626,,,,,,,,,,,,,,,,,,,,,,,,,,,,
877,Success,15,16,1,0,0.914,0.217,0.116,,0.581,,,,,,,,,,,,,,,,,,,,,,,,,,,,
878,Success,17,15,1,0,1.556,0.052,0.296,0.095,,1.113,,,,,,,,,,,,,,,,,,,,,,,,,,,
879,Success,18,16,5,1,14.754,0.048,0.113,0.094,0.613,0.171,,13.714,,,,,,,,,,,,,,,,,,,,,,,,,
880,Success,15,16,0,1,0.937,0.198,0.121,,0.618,,,,,,,,,,,,,,,,,,,,,,,,,,,,
881,Success,15,16,0,1,1.152,0.199,0.088,,0.864,,,,,,,,,,,,,,,,,,,,,,,,,,,,
882,Success,17,15,2,3,2.639,0.034,0.461,0.095,,2.049,,,,,,,,,,,,,,,,,,,,,,,,,,,
883,Success,16,16,1,2,1.28,0.047,0.098,0.395,0.741,,,,,,,,,,,,,,,,,,,,,,,,,,,,
884,Success,19,18,3,1,12.215,0.046,0.1,0.09,0.234,0.167,0.476,0.341,2.968,7.793,,,,,,,,,,,,,,,,,,,,,,,
885,Success,15,17,1,1,2.215,0.347,0.089,,0.227,,1.552,,,,,,,,,,,,,,,,,,,,,,,,,,
886,Success,17,15,2,2,2.663,0.014,0.551,0.029,,2.068,,,,,,,,,,,,,,,,,,,,,,,,,,,
887,Success,15,15,0,1,0.524,0.199,0.325,,,,,,,,,,,,,,,,,,,,,,,,,,,,,,
888,Success,19,16,0,3,4.784,0.047,0.114,0.088,1.577,0.169,,0.333,,2.457,,,,,,,,,,,,,,,,,,,,,,,
889,Success,15,17,0,1,2.069,0.199,0.09,,0.228,,1.551,,,,,,,,,,,,,,,,,,,,,,,,,,
890,Success,15,15,1,0,0.643,0.346,0.296,,,,,,,,,,,,,,,,,,,,,,,,,,,,,,
891,Success,15,16,1,0,1.029,0.347,0.097,,0.585,,,,,,,,,,,,,,,,,,,,,,,,,,,,
892,Success,15,16,1,2,1.394,0.344,0.117,,0.934,,,,,,,,,,,,,,,,,,,,,,,,,,,,
893,Success,18,16,0,1,2.34,0.017,0.097,0.028,0.867,0.063,,1.268,,,,,,,,,,,,,,,,,,,,,,,,,
894,Success,15,17,1,2,2.027,0.345,0.106,,0.277,,1.3,,,,,,,,,,,,,,,,,,,,,,,,,,
895,Success,15,16,1,1,1.19,0.218,0.105,,0.867,,,,,,,,,,,,,,,,,,,,,,,,,,,,
896,Success,16,15,0,3,0.85,0.027,0.466,0.357,,,,,,,,,,,,,,,,,,,,,,,,,,,,,
897,Success,16,15,1,0,0.93,0.017,0.296,0.618,,,,,,,,,,,,,,,,,,,,,,,,,,,,,
898,Success,16,16,0,2,1.936,0.024,0.102,0.361,1.449,,,,,,,,,,,,,,,,,,,,,,,,,,,,
899,Success,16,17,1,1,1.902,0.042,0.096,0.396,0.231,,1.138,,,,,,,,,,,,,,,,,,,,,,,,,,
900,Success,16,18,1,1,4.421,0.013,0.1,0.618,0.246,,0.477,,2.966,,,,,,,,,,,,,,,,,,,,,,,,
901,Success,19,15,1,2,4.935,0.014,0.518,0.025,,0.046,,0.098,,4.234,,,,,,,,,,,,,,,,,,,,,,,
902,Success,15,15,0,0,0.496,0.199,0.297,,,,,,,,,,,,,,,,,,,,,,,,,,,,,,
903,Success,18,17,1,0,3.901,0.046,0.096,0.084,0.242,0.166,1.062,2.206,,,,,,,,,,,,,,,,,,,,,,,,,
904,Success,15,20,3,3,26.211,0.426,0.106,,0.257,,0.515,,1.033,,2.069,,21.804,,,,,,,,,,,,,,,,,,,,
905,Success,17,25,0,0,935.162,0.028,0.092,0.049,0.226,0.643,0.472,,0.941,,1.921,,8.518,,18.328,,35.843,,93.716,,173.282,,601.105,,,,,,,,,,
906,Success,15,15,1,0,0.514,0.218,0.296,,,,,,,,,,,,,,,,,,,,,,,,,,,,,,
907,Success,15,15,0,1,0.664,0.199,0.465,,,,,,,,,,,,,,,,,,,,,,,,,,,,,,
908,Success,15,16,2,1,1.636,0.65,0.125,,0.862,,,,,,,,,,,,,,,,,,,,,,,,,,,,
909,Success,16,16,1,3,1.769,0.031,0.096,0.394,1.248,,,,,,,,,,,,,,,,,,,,,,,,,,,,
910,Success,20,15,1,1,9.988,0.033,0.461,0.067,,0.123,,0.235,,0.481,,8.588,,,,,,,,,,,,,,,,,,,,,
911,Success,15,15,1,2,0.581,0.218,0.362,,,,,,,,,,,,,,,,,,,,,,,,,,,,,,
912,Success,18,17,0,1,2.952,0.032,0.096,0.061,0.237,0.118,1.174,1.234,,,,,,,,,,,,,,,,,,,,,,,,,
913,Success,16,18,0,0,3.41,0.047,0.094,0.358,0.293,,0.565,,2.054,,,,,,,,,,,,,,,,,,,,,,,,
914,Success,15,15,1,2,0.729,0.226,0.502,,,,,,,,,,,,,,,,,,,,,,,,,,,,,,
915,Success,16,16,1,1,1.376,0.035,0.113,0.615,0.613,,,,,,,,,,,,,,,,,,,,,,,,,,,,
916,Success,17,16,0,0,1.43,0.04,0.095,0.07,0.583,0.642,,,,,,,,,,,,,,,,,,,,,,,,,,,
917,Success,15,16,1,0,1.023,0.348,0.092,,0.584,,,,,,,,,,,,,,,,,,,,,,,,,,,,
918,Success,15,15,4,1,1.221,0.899,0.322,,,,,,,,,,,,,,,,,,,,,,,,,,,,,,
919,Success,16,15,0,1,0.866,0.05,0.462,0.355,,,,,,,,,,,,,,,,,,,,,,,,,,,,,
920,Success,16,16,1,0,1.355,0.029,0.123,0.623,0.58,,,,,,,,,,,,,,,,,,,,,,,,,,,,
921,Success,15,16,4,0,2.124,1.445,0.101,,0.578,,,,,,,,,,,,,,,,,,,,,,,,,,,,
922,Success,16,15,0,0,0.685,0.03,0.297,0.357,,,,,,,,,,,,,,,,,,,,,,,,,,,,,
923,Success,15,15,1,1,0.53,0.217,0.313,,,,,,,,,,,,,,,,,,,,,,,,,,,,,,
924,Success,16,16,0,1,1.124,0.025,0.11,0.356,0.632,,,,,,,,,,,,,,,,,,,,,,,,,,,,
925,Success,15,16,1,4,2.352,0.345,0.082,,1.924,,,,,,,,,,,,,,,,,,,,,,,,,,,,
926,Success,15,16,1,0,0.927,0.218,0.129,,0.58,,,,,,,,,,,,,,,,,,,,,,,,,,,,
927,Success,16,17,1,2,2.764,0.015,0.107,0.623,0.255,,1.764,,,,,,,,,,,,,,,,,,,,,,,,,,
928,Success,18,15,1,1,2.011,0.039,0.319,0.074,,0.137,,1.442,,,,,,,,,,,,,,,,,,,,,,,,,
929,Success,15,18,1,0,3.22,0.346,0.095,,0.231,,0.467,,2.082,,,,,,,,,,,,,,,,,,,,,,,,
930,Success,17,18,0,2,4.787,0.02,0.099,0.037,0.247,0.648,0.475,,3.261,,,,,,,,,,,,,,,,,,,,,,,,
931,Success,15,15,1,0,0.524,0.227,0.297,,,,,,,,,,,,,,,,,,,,,,,,,,,,,,
932,Success,17,16,1,1,1.856,0.01,0.092,0.022,0.613,1.119,,,,,,,,,,,,,,,,,,,,,,,,,,,
933,Success,15,15,2,1,0.732,0.266,0.466,,,,,,,,,,,,,,,,,,,,,,,,,,,,,,
934,Success,16,15,0,0,0.666,0.015,0.297,0.354,,,,,,,,,,,,,,,,,,,,,,,,,,,,,
935,Success,17,17,0,1,2.156,0.01,0.102,0.016,0.251,0.642,1.136,,,,,,,,,,,,,,,,,,,,,,,,,,
936,Success,17,15,0,1,1.19,0.031,0.463,0.054,,0.642,,,,,,,,,,,,,,,,,,,,,,,,,,,
937,Success,17,17,2,1,3.287,0.035,0.087,0.065,0.245,1.257,1.598,,,,,,,,,,,,,,,,,,,,,,,,,,
938,Success,15,16,1,1,1.031,0.217,0.115,,0.698,,,,,,,,,,,,,,,,,,,,,,,,,,,,
939,Success,19,16,2,1,6.419,0.034,0.093,0.059,0.642,0.114,,0.241,,5.236,,,,,,,,,,,,,,,,,,,,,,,
940,Success,16,16,0,0,1.12,0.047,0.124,0.361,0.587,,,,,,,,,,,,,,,,,,,,,,,,,,,,
941,Success,16,16,0,1,1.358,0.028,0.112,0.354,0.864,,,,,,,,,,,,,,,,,,,,,,,,,,,,
942,Success,15,15,1,1,0.67,0.346,0.324,,,,,,,,,,,,,,,,,,,,,,,,,,,,,,
943,Success,19,15,1,1,3.414,0.012,0.471,0.032,,0.058,,0.099,,2.742,,,,,,,,,,,,,,,,,,,,,,,
944,Success,16,16,1,1,1.397,0.008,0.121,0.395,0.872,,,,,,,,,,,,,,,,,,,,,,,,,,,,
945,Success,16,16,2,2,2.221,0.039,0.105,1.14,0.937,,,,,,,,,,,,,,,,,,,,,,,,,,,,
946,Success,15,15,0,1,0.523,0.199,0.324,,,,,,,,,,,,,,,,,,,,,,,,,,,,,,
947,Success,17,15,0,1,1.014,0.02,0.314,0.04,,0.64,,,,,,,,,,,,,,,,,,,,,,,,,,,
948,Success,15,15,1,0,0.514,0.218,0.296,,,,,,,,,,,,,,,,,,,,,,,,,,,,,,
949,Success,15,16,0,1,0.921,0.198,0.09,,0.633,,,,,,,,,,,,,,,,,,,,,,,,,,,,
950,Success,18,16,2,2,5.333,0.049,0.107,0.096,0.968,0.164,,3.949,,,,,,,,,,,,,,,,,,,,,,,,,
951,Success,16,15,0,1,0.691,0.022,0.314,0.355,,,,,,,,,,,,,,,,,,,,,,,,,,,,,
952,Success,19,15,0,0,3.269,0.02,0.295,0.076,,0.146,,0.291,,2.441,,,,,,,,,,,,,,,,,,,,,,,
953,Success,16,16,1,3,1.985,0.023,0.095,0.62,1.247,,,,,,,,,,,,,,,,,,,,,,,,,,,,
954,Success,16,16,0,0,1.075,0.038,0.102,0.355,0.58,,,,,,,,,,,,,,,,,,,,,,,,,,,,
955,Success,15,18,3,4,12.96,0.525,0.096,,0.281,,0.521,,11.536,,,,,,,,,,,,,,,,,,,,,,,,
956,Success,15,17,1,1,1.868,0.346,0.104,,0.259,,1.16,,,,,,,,,,,,,,,,,,,,,,,,,,
957,Success,16,15,0,0,0.681,0.03,0.298,0.354,,,,,,,,,,,,,,,,,,,,,,,,,,,,,
958,Success,17,18,0,6,29.774,0.012,0.094,0.022,0.272,0.65,0.52,,28.203,,,,,,,,,,,,,,,,,,,,,,,,
959,Success,16,15,0,0,0.693,0.037,0.299,0.358,,,,,,,,,,,,,,,,,,,,,,,,,,,,,
960,Success,16,16,1,0,1.162,0.027,0.132,0.426,0.577,,,,,,,,,,,,,,,,,,,,,,,,,,,,
961,Success,15,18,1,1,3.417,0.344,0.1,,0.25,,0.479,,2.244,,,,,,,,,,,,,,,,,,,,,,,,
962,Success,16,16,0,1,1.36,0.041,0.107,0.353,0.859,,,,,,,,,,,,,,,,,,,,,,,,,,,,
963,Success,16,15,1,1,0.733,0.023,0.317,0.392,,,,,,,,,,,,,,,,,,,,,,,,,,,,,
964,Success,16,17,1,0,2.075,0.031,0.104,0.625,0.25,,1.064,,,,,,,,,,,,,,,,,,,,,,,,,,
965,Success,15,17,0,0,1.603,0.2,0.095,,0.236,,1.071,,,,,,,,,,,,,,,,,,,,,,,,,,
966,Success,15,15,1,2,0.729,0.22,0.508,,,,,,,,,,,,,,,,,,,,,,,,,,,,,,
967,Success,17,15,1,1,1.217,0.01,0.466,0.022,,0.719,,,,,,,,,,,,,,,,,,,,,,,,,,,
968,Success,15,23,0,0,158.551,0.198,0.09,,0.263,,0.491,,1.008,,2.039,,8.691,,19.306,,27.713,,98.752,,,,,,,,,,,,,,
969,Success,18,15,1,0,1.904,0.04,0.295,0.076,,0.139,,1.354,,,,,,,,,,,,,,,,,,,,,,,,,
970,Success,17,15,1,1,1.569,0.045,0.32,0.08,,1.123,,,,,,,,,,,,,,,,,,,,,,,,,,,
971,Success,16,15,1,0,0.972,0.037,0.304,0.631,,,,,,,,,,,,,,,,,,,,,,,,,,,,,
972,Success,16,17,1,1,2.431,0.034,0.13,0.398,0.298,,1.571,,,,,,,,,,,,,,,,,,,,,,,,,,
973,Success,15,16,0,0,0.897,0.198,0.12,,0.579,,,,,,,,,,,,,,,,,,,,,,,,,,,,
974,Success,15,16,1,0,0.909,0.234,0.092,,0.584,,,,,,,,,,,,,,,,,,,,,,,,,,,,
975,Success,15,20,2,1,21.721,0.382,0.114,,0.277,,0.55,,1.078,,2.179,,17.139,,,,,,,,,,,,,,,,,,,,
976,Success,16,18,1,1,3.488,0.025,0.102,0.408,0.243,,0.473,,2.236,,,,,,,,,,,,,,,,,,,,,,,,
977,Success,15,22,3,0,78.683,0.756,0.109,,0.253,,0.513,,1.038,,2.133,,9.254,,13.565,,51.063,,,,,,,,,,,,,,,,
978,Success,15,15,0,1,0.513,0.198,0.314,,,,,,,,,,,,,,,,,,,,,,,,,,,,,,
979,Success,17,17,1,1,2.811,0.028,0.113,0.07,0.271,1.105,1.224,,,,,,,,,,,,,,,,,,,,,,,,,,
980,Success,15,16,1,4,2.09,0.345,0.13,,1.615,,,,,,,,,,,,,,,,,,,,,,,,,,,,
981,Success,15,16,0,1,0.906,0.197,0.091,,0.617,,,,,,,,,,,,,,,,,,,,,,,,,,,,
982,Success,17,16,4,1,3.928,0.01,0.099,0.035,0.857,2.928,,,,,,,,,,,,,,,,,,,,,,,,,,,
983,Success,15,18,2,0,3.244,0.383,0.1,,0.245,,0.471,,2.045,,,,,,,,,,,,,,,,,,,,,,,,
984,Success,16,18,0,2,4.718,0.033,0.111,0.356,0.291,,0.568,,3.359,,,,,,,,,,,,,,,,,,,,,,,,
985,Success,17,16,1,2,1.595,0.022,0.101,0.04,0.718,0.714,,,,,,,,,,,,,,,,,,,,,,,,,,,
986,Success,17,16,1,1,1.504,0.02,0.114,0.037,0.62,0.713,,,,,,,,,,,,,,,,,,,,,,,,,,,
987,Success,17,15,1,1,1.301,0.045,0.461,0.081,,0.715,,,,,,,,,,,,,,,,,,,,,,,,,,,
988,Success,15,19,2,0,6.24,0.4,0.098,,0.24,,0.495,,0.958,,4.049,,,,,,,,,,,,,,,,,,,,,,
989,Success,15,18,0,1,4.124,0.198,0.121,,0.286,,0.556,,2.963,,,,,,,,,,,,,,,,,,,,,,,,
990,Success,16,16,1,1,1.107,0.009,0.086,0.395,0.617,,,,,,,,,,,,,,,,,,,,,,,,,,,,
991,Success,16,19,1,2,11.95,0.022,0.121,0.394,0.277,,0.535,,1.063,,9.539,,,,,,,,,,,,,,,,,,,,,,
992,Success,15,17,4,2,3.554,1.709,0.131,,0.295,,1.419,,,,,,,,,,,,,,,,,,,,,,,,,,
993,Success,18,15,1,1,1.922,0.025,0.313,0.073,,0.135,,1.375,,,,,,,,,,,,,,,,,,,,,,,,,
994,Success,15,17,1,0,1.772,0.343,0.098,,0.273,,1.059,,,,,,,,,,,,,,,,,,,,,,,,,,
995,Success,16,15,0,1,0.694,0.015,0.324,0.355,,,,,,,,,,,,,,,,,,,,,,,,,,,,,
996,Success,17,17,1,0,2.564,0.019,0.092,0.035,0.228,1.111,1.079,,,,,,,,,,,,,,,,,,,,,,,,,,
997,Success,17,16,1,0,1.893,0.05,0.127,0.028,0.575,1.113,,,,,,,,,,,,,,,,,,,,,,,,,,,
998,Success,17,18,0,6,20.707,0.02,0.095,0.037,0.232,0.646,0.53,,19.147,,,,,,,,,,,,,,,,,,,,,,,,
999,Success,16,16,1,0,1.134,0.039,0.125,0.393,0.578,,,,,,,,,,,,,,,,,,,,,,,,,,,,
